-- MySQL dump 10.13  Distrib 8.3.0, for Win64 (x86_64)
--
-- Host: 127.0.0.1    Database: web_site
-- ------------------------------------------------------
-- Server version	8.3.0

/*!40101 SET @OLD_CHARACTER_SET_CLIENT=@@CHARACTER_SET_CLIENT */;
/*!40101 SET @OLD_CHARACTER_SET_RESULTS=@@CHARACTER_SET_RESULTS */;
/*!40101 SET @OLD_COLLATION_CONNECTION=@@COLLATION_CONNECTION */;
/*!50503 SET NAMES utf8mb4 */;
/*!40103 SET @OLD_TIME_ZONE=@@TIME_ZONE */;
/*!40103 SET TIME_ZONE='+00:00' */;
/*!40014 SET @OLD_UNIQUE_CHECKS=@@UNIQUE_CHECKS, UNIQUE_CHECKS=0 */;
/*!40014 SET @OLD_FOREIGN_KEY_CHECKS=@@FOREIGN_KEY_CHECKS, FOREIGN_KEY_CHECKS=0 */;
/*!40101 SET @OLD_SQL_MODE=@@SQL_MODE, SQL_MODE='NO_AUTO_VALUE_ON_ZERO' */;
/*!40111 SET @OLD_SQL_NOTES=@@SQL_NOTES, SQL_NOTES=0 */;

--
-- Table structure for table `administrator`
--

DROP TABLE IF EXISTS `administrator`;
/*!40101 SET @saved_cs_client     = @@character_set_client */;
/*!50503 SET character_set_client = utf8mb4 */;
CREATE TABLE `administrator` (
  `id` int NOT NULL AUTO_INCREMENT,
  `last_login` datetime(6) DEFAULT NULL,
  `password` varchar(255) NOT NULL,
  `username` varchar(255) NOT NULL,
  PRIMARY KEY (`id`),
  UNIQUE KEY `UKesogmqxeek1uwdyhxvubme3qf` (`username`)
) ENGINE=InnoDB AUTO_INCREMENT=8 DEFAULT CHARSET=utf8mb4 COLLATE=utf8mb4_0900_ai_ci;
/*!40101 SET character_set_client = @saved_cs_client */;

--
-- Dumping data for table `administrator`
--

LOCK TABLES `administrator` WRITE;
/*!40000 ALTER TABLE `administrator` DISABLE KEYS */;
INSERT INTO `administrator` VALUES (1,'2024-07-21 21:36:55.000000','$2a$10$koVX9/YFNrVR/kg8xFjLHO/xmNZmOdnvFBREu5MHGEQgE8s1DuL4e','ad'),(2,'2024-07-21 11:38:41.000000','$2a$10$09uzbgdyBlyVOOq4lKCTe.wqIikQyfYLkfh2IxonFbCGiSNEXB8Ou','ad2'),(3,NULL,'$2a$10$HowgV3RBjjmOynMcSNGLmOloK/x/kLJvow427CfaycH1po3aWaGTm','ad3');
/*!40000 ALTER TABLE `administrator` ENABLE KEYS */;
UNLOCK TABLES;

--
-- Table structure for table `broker`
--

DROP TABLE IF EXISTS `broker`;
/*!40101 SET @saved_cs_client     = @@character_set_client */;
/*!50503 SET character_set_client = utf8mb4 */;
CREATE TABLE `broker` (
  `id` int NOT NULL AUTO_INCREMENT,
  `image` varchar(255) DEFAULT NULL,
  `info` varchar(255) DEFAULT NULL,
  `languages` varchar(255) DEFAULT NULL,
  `name` varchar(255) DEFAULT NULL,
  `telephone` varchar(255) DEFAULT NULL,
  PRIMARY KEY (`id`)
) ENGINE=InnoDB AUTO_INCREMENT=9 DEFAULT CHARSET=utf8mb4 COLLATE=utf8mb4_0900_ai_ci;
/*!40101 SET character_set_client = @saved_cs_client */;

--
-- Dumping data for table `broker`
--

LOCK TABLES `broker` WRITE;
/*!40000 ALTER TABLE `broker` DISABLE KEYS */;
INSERT INTO `broker` VALUES (1,'http://ahmed1872.beget.tech/wp-content/uploads/2023/05/Instagram-post-15-450x450.png','Head of Retail Sales Department','RUSSIAN, English',' Svetlana Kosynkina','+790000000000'),(2,'http://ahmed1872.beget.tech/wp-content/uploads/2023/05/Instagram-post-18-450x450.png','Expert in working with real estate agencies.','RUSSIAN, English','Ken Block','+790000000000'),(3,'http://ahmed1872.beget.tech/wp-content/uploads/2023/05/Instagram-post-17-450x450.png','Real estate expert in Dubai.','RUSSIAN, English','Marina Khval','+790000000000'),(4,'http://ahmed1872.beget.tech/wp-content/uploads/2023/05/Instagram-post-16-450x450.png','Dubai Real Estate Expert','RUSSIAN, English','Nikita Antonov','+790000000000'),(5,'http://ahmed1872.beget.tech/wp-content/uploads/2023/05/Instagram-post-17-450x450.png','Real estate expert in Dubai.','RUSSIAN, English','Marina Khval','+790000000000'),(6,'http://ahmed1872.beget.tech/wp-content/uploads/2023/05/Instagram-post-18-450x450.png','Expert in working with real estate agencies.','RUSSIAN, English','Ken Block','+790000000000'),(7,'http://ahmed1872.beget.tech/wp-content/uploads/2023/05/Instagram-post-15-450x450.png','Head of Retail Sales Department','RUSSIAN, English',' Svetlana Kosynkina','+790000000000'),(8,'http://ahmed1872.beget.tech/wp-content/uploads/2023/05/Instagram-post-16-450x450.png','Dubai Real Estate Expert','RUSSIAN, English','Nikita Antonov','+790000000000');
/*!40000 ALTER TABLE `broker` ENABLE KEYS */;
UNLOCK TABLES;

--
-- Table structure for table `complex`
--

DROP TABLE IF EXISTS `complex`;
/*!40101 SET @saved_cs_client     = @@character_set_client */;
/*!50503 SET character_set_client = utf8mb4 */;
CREATE TABLE `complex` (
  `id` int NOT NULL AUTO_INCREMENT,
  `bus_station` varchar(255) DEFAULT NULL,
  `ceiling_height` decimal(5,2) DEFAULT NULL,
  `complex_name` varchar(255) DEFAULT NULL,
  `delivery_date` date DEFAULT NULL,
  `elevator` varchar(255) DEFAULT NULL,
  `facade` varchar(255) DEFAULT NULL,
  `image` varchar(255) DEFAULT NULL,
  `metro` varchar(255) DEFAULT NULL,
  `number_of_buildings` int DEFAULT NULL,
  `parking` varchar(255) DEFAULT NULL,
  `price` bigint DEFAULT NULL,
  `s_total` decimal(8,2) DEFAULT NULL,
  `status` varchar(255) DEFAULT NULL,
  `type` varchar(255) DEFAULT NULL,
  `walk` varchar(255) DEFAULT NULL,
  `wall_material` varchar(255) DEFAULT NULL,
  `developer_id` int NOT NULL,
  `district_id` int NOT NULL,
  PRIMARY KEY (`id`),
  KEY `FK3sxji01ciuu3wte674rrgon78` (`developer_id`),
  KEY `FK8du4nv4wue8l995s6imkcrymp` (`district_id`),
  CONSTRAINT `FK3sxji01ciuu3wte674rrgon78` FOREIGN KEY (`developer_id`) REFERENCES `developer` (`id`),
  CONSTRAINT `FK8du4nv4wue8l995s6imkcrymp` FOREIGN KEY (`district_id`) REFERENCES `district` (`id`)
) ENGINE=InnoDB AUTO_INCREMENT=61 DEFAULT CHARSET=utf8mb4 COLLATE=utf8mb4_0900_ai_ci;
/*!40101 SET character_set_client = @saved_cs_client */;

--
-- Dumping data for table `complex`
--

LOCK TABLES `complex` WRITE;
/*!40000 ALTER TABLE `complex` DISABLE KEYS */;
INSERT INTO `complex` VALUES (1,'Department of Health 2',3.00,'Test Co','2022-07-16','Elevator + Stairs','Cool2','https://web-site-real-estate.com/wp-content/uploads/2021/04/Interior2002-606-450x450.jpg','Test',1,'TestSeparate multi-level parking',199999,140.00,'Sold on','Apartment','10 min.','Test Monolit',1,9),(2,'AADepartment of Health 2',3.00,'Test2Co','2022-07-16','Elevator + Stairs','Cool2','https://web-site-real-estate.com/wp-content/uploads/2021/04/Interior2002-606-450x450.jpg',NULL,1,'TestSeparate multi-level parking',199999,140.00,'Sold on','Villa','10 min.','Test Monolit',2,2),(3,'AADepartment of Health 2',3.00,'TestCo','2022-07-16','Elevator + Stairs','Cool2','https://web-site-real-estate.com/wp-content/uploads/2021/04/Interior2002-606-450x450.jpg',NULL,1,'TestSeparate multi-level parking',199999,140.00,'Sold on','Apartment','10 min.','Test Monolit',1,2),(4,'AADepartment of Health 2',3.00,'Test3Co','2022-07-16','Elevator + Stairs','Cool2','https://web-site-real-estate.com/wp-content/uploads/2021/04/Interior2002-606-450x450.jpg',NULL,1,'TestSeparate multi-level parking',199999,140.00,'Sold on','Apartment','10 min.','Test Monolit',2,1),(5,'AADepartment of Health 2',3.00,'Test3Co','2022-07-16','Elevator + Stairs','Cool2','https://web-site-real-estate.com/wp-content/uploads/2021/04/Interior2002-606-450x450.jpg',NULL,1,'TestSeparate multi-level parking',199999,140.00,'Sold on','Apartment','10 min.','Test Monolit',2,3),(6,'AADepartment of Health 2',3.00,'TestCo','2022-07-16','Elevator + Stairs','Cool2','https://web-site-real-estate.com/wp-content/uploads/2021/04/Interior2002-606-450x450.jpg',NULL,1,'TestSeparate multi-level parking',199999,140.00,'Sold on','Apartment','10 min.','Test Monolit',1,2),(7,'AADepartment of Health 2',3.00,'Test3Co','2022-07-16','Elevator + Stairs','Cool2','https://web-site-real-estate.com/wp-content/uploads/2021/04/Interior2002-606-450x450.jpg',NULL,1,'TestSeparate multi-level parking',199999,140.00,'Sold on','Apartment','15 min.','Test Monolit',1,2),(8,'AADepartment of Health 2',3.00,'Test3Co','2022-07-16','Elevator + Stairs','Cool2','https://web-site-real-estate.com/wp-content/uploads/2021/04/Interior2002-606-450x450.jpg',NULL,1,'TestSeparate multi-level parking',199999,140.00,'Sold on','Apartment','15 min.','Test Monolit',1,2),(9,'AADepartment of Health 2',3.00,'TestCo','2022-07-16','Elevator + Stairs','Cool2','https://web-site-real-estate.com/wp-content/uploads/2021/04/Interior2002-606-450x450.jpg',NULL,1,'TestSeparate multi-level parking',199999,140.00,'Sold on','Apartment','15 min.','Test Monolit',1,2),(10,'AADepartment of Health 2',3.00,'Test3Co','2022-07-16','Elevator + Stairs','Cool2','https://web-site-real-estate.com/wp-content/uploads/2021/04/Interior2002-606-450x450.jpg',NULL,1,'TestSeparate multi-level parking',199999,140.00,'Sold on','Apartment','15 min.','Test Monolit',1,2),(11,'AADepartment of Health 2',3.00,'Test3Co','2022-07-16','Elevator + Stairs','Cool2','https://web-site-real-estate.com/wp-content/uploads/2021/04/Interior2002-606-450x450.jpg',NULL,1,'TestSeparate multi-level parking',199999,140.00,'Sold on','Apartment','15 min.','Test Monolit',1,2),(12,'AADepartment of Health 2',3.00,'TestCo','2022-07-16','Elevator + Stairs','Cool2','https://web-site-real-estate.com/wp-content/uploads/2021/04/Interior2002-606-450x450.jpg',NULL,1,'TestSeparate multi-level parking',199999,140.00,'Sold on','Apartment','15 min.','Test Monolit',1,2),(13,'AADepartment of Health 2',3.00,'TestCo','2022-07-16','Elevator + Stairs','Cool2','https://web-site-real-estate.com/wp-content/uploads/2021/04/Interior2002-606-450x450.jpg',NULL,1,'TestSeparate multi-level parking',199999,140.00,'Sold on','Apartment','15 min.','Test Monolit',1,2),(14,'AADepartment of Health 2',3.00,'TestCo','2022-07-16','Elevator + Stairs','Cool2','https://web-site-real-estate.com/wp-content/uploads/2021/04/Interior2002-606-450x450.jpg',NULL,1,'TestSeparate multi-level parking',199999,140.00,'Sold on','Apartment','15 min.','Test Monolit',1,2),(15,'AADepartment of Health 2',3.00,'TestCo','2022-07-16','Elevator + Stairs','Cool2','https://web-site-real-estate.com/wp-content/uploads/2021/04/Interior2002-606-450x450.jpg',NULL,NULL,'TestSeparate multi-level parking',199999,140.00,'Sold on','Apartment','15 min.','Test Monolit',1,2),(16,'AADepartment of Health 2',3.00,'TestCo','2022-07-16','Elevator + Stairs','Cool2','https://web-site-real-estate.com/wp-content/uploads/2021/04/Interior2002-606-450x450.jpg',NULL,NULL,'TestSeparate multi-level parking',199999,140.00,'Sold on','Apartment','15 min.','Test Monolit',1,2),(17,'AADepartment of Health 2',3.00,'TestCo','2022-07-16','Elevator + Stairs','Cool2','https://web-site-real-estate.com/wp-content/uploads/2021/04/Interior2002-606-450x450.jpg',NULL,NULL,'number*24',199999,140.00,'Sold on','Apartment','15 min.','Test Monolit',1,2),(18,'AADepartment of Health 2',3.00,'TestCo','2022-07-16','Elevator + Stairs','Cool2','https://web-site-real-estate.com/wp-content/uploads/2021/04/Interior2002-606-450x450.jpg',NULL,NULL,'number*24',199999,140.00,'Sold on','Apartment','15 min.','Test Monolit',1,2),(19,'AADepartment of Health 2',3.00,'TestCo','2022-07-16','Elevator + Stairs','Cool2','https://web-site-real-estate.com/wp-content/uploads/2021/04/Interior2002-606-450x450.jpg',NULL,NULL,'number*24',199999,140.00,'Sold on','Apartment','15 min.','Test Monolit',1,2),(20,'AADepartment of Health 2',3.00,'TestCo','2022-07-16','Elevator + Stairs','Cool2','https://web-site-real-estate.com/wp-content/uploads/2021/04/Interior2002-606-450x450.jpg',NULL,NULL,'number*24',199999,140.00,'Sold on','Apartment','15 min.','Test Monolit',1,2),(21,'AADepartment of Health 2',3.00,'TestCo','2022-07-16','Elevator + Stairs','Cool2','https://web-site-real-estate.com/wp-content/uploads/2021/04/Interior2002-606-450x450.jpg',NULL,NULL,'number*24',199999,140.00,'Sold on','Apartment','15 min.','Test Monolit',1,2),(22,'AADepartment of Health 2',3.00,'TestCo','2022-07-16','Elevator + Stairs','Cool2','https://web-site-real-estate.com/wp-content/uploads/2021/04/Interior2002-606-450x450.jpg',NULL,NULL,'number*24',199999,140.00,'Sold on','Apartment','15 min.','Test Monolit',1,2),(23,'AADepartment of Health 2',3.00,'TestCo','2022-07-16','Elevator + Stairs','Cool2','https://web-site-real-estate.com/wp-content/uploads/2021/04/Interior2002-606-450x450.jpg',NULL,NULL,'number*24',199999,140.00,'Sold on','Apartment','15 min.','Test Monolit',1,2),(24,'AADepartment of Health 2',3.00,'TestCo','2022-07-16','Elevator + Stairs','Cool2','https://web-site-real-estate.com/wp-content/uploads/2021/04/Interior2002-606-450x450.jpg',NULL,NULL,'number*24',199999,140.00,'Sold on','Apartment','15 min.','Test Monolit',1,2),(25,'AADepartment of Health 2',3.00,'TestCo','2022-07-16','Elevator + Stairs','Cool2','https://web-site-real-estate.com/wp-content/uploads/2021/04/Interior2002-606-450x450.jpg',NULL,NULL,'number*24',199999,140.00,'Sold on','Apartment','15 min.','Test Monolit',1,2),(26,'AADepartment of Health 2',3.00,'TestCo','2022-07-16','Elevator + Stairs','Cool2','https://web-site-real-estate.com/wp-content/uploads/2021/04/Interior2002-606-450x450.jpg',NULL,NULL,'number*24',199999,140.00,'Sold on','Apartment','15 min.','Test Monolit',1,2),(27,'AADepartment of Health 2',3.00,'TestCo','2022-07-16','Elevator + Stairs','Cool2','https://web-site-real-estate.com/wp-content/uploads/2021/04/Interior2002-606-450x450.jpg',NULL,NULL,'number*24',199999,140.00,'Sold on','Apartment','15 min.','Test Monolit',1,2),(28,'AADepartment of Health 2',3.00,'TestCo','2022-07-16','Elevator + Stairs','Cool2','https://web-site-real-estate.com/wp-content/uploads/2021/04/Interior2002-606-450x450.jpg',NULL,NULL,'number*24',199999,140.00,'Sold on','Apartment','15 min.','Test Monolit',1,2),(29,'AADepartment of Health 2',3.00,'TestCo','2022-07-16','Elevator + Stairs','Cool2','https://web-site-real-estate.com/wp-content/uploads/2021/04/Interior2002-606-450x450.jpg',NULL,NULL,'number*24',199999,140.00,'Sold on','Apartment','15 min.','Test Monolit',1,2),(30,'AADepartment of Health 2',3.00,'TestCo','2022-07-16','Elevator + Stairs','Cool2','https://web-site-real-estate.com/wp-content/uploads/2021/04/Interior2002-606-450x450.jpg','Test',NULL,'number*24',199999,140.00,'Sold on','Apartment','15 min.','Test Monolit',1,2),(31,'AADepartment of Health 2',3.00,'TestCo','2022-07-16','Elevator + Stairs','Cool2','https://web-site-real-estate.com/wp-content/uploads/2021/04/Interior2002-606-450x450.jpg',NULL,NULL,'number*24',199999,140.00,'Sold on','Apartment','15 min.','Test Monolit',1,2),(32,'AADepartment of Health 2',3.00,'TestCo','2022-07-16','Elevator + Stairs','Cool2','https://web-site-real-estate.com/wp-content/uploads/2021/04/Interior2002-606-450x450.jpg',NULL,NULL,'number*24',199999,140.00,'Sold on','Apartment','15 min.','Test Monolit',1,2),(33,'AADepartment of Health 2',3.00,'TestCo','2022-07-16','Elevator + Stairs','Cool2','https://web-site-real-estate.com/wp-content/uploads/2021/04/Interior2002-606-450x450.jpg',NULL,NULL,'number*24',199999,140.00,'Sold on','Apartment','15 min.','Test Monolit',1,2),(34,'AADepartment of Health 2',3.00,'TestCo','2022-07-16','Elevator + Stairs','Cool2','https://web-site-real-estate.com/wp-content/uploads/2021/04/Interior2002-606-450x450.jpg',NULL,NULL,'number*24',199999,140.00,'Sold on','Apartment','15 min.','Test Monolit',1,2),(35,'AADepartment of Health 2',3.00,'TestCo','2022-07-16','Elevator + Stairs','Cool2','https://web-site-real-estate.com/wp-content/uploads/2021/04/Interior2002-606-450x450.jpg',NULL,NULL,'number*24',199999,140.00,'Sold on','Apartment','15 min.','Test Monolit',1,2),(36,'AADepartment of Health 2',3.00,'TestCo','2022-07-16','Elevator + Stairs','Cool2','https://web-site-real-estate.com/wp-content/uploads/2021/04/Interior2002-606-450x450.jpg',NULL,NULL,'number*24',199999,140.00,'Sold on','Apartment','15 min.','Test Monolit',1,2),(37,'AADepartment of Health 2',3.00,'TestCo','2022-07-16','Elevator + Stairs','Cool2','https://web-site-real-estate.com/wp-content/uploads/2021/04/Interior2002-606-450x450.jpg',NULL,NULL,'number*24',199999,140.00,'Sold on','Apartment','15 min.','Test Monolit',1,2),(38,'AADepartment of Health 2',3.00,'TestCo','2022-07-16','Elevator + Stairs','Cool2','https://web-site-real-estate.com/wp-content/uploads/2021/04/Interior2002-606-450x450.jpg',NULL,NULL,'number*24',199999,140.00,'Sold on','Apartment','15 min.','Test Monolit',1,2),(39,'AADepartment of Health 2',3.00,'TestCo','2022-07-16','Elevator + Stairs','Cool2','https://web-site-real-estate.com/wp-content/uploads/2021/04/Interior2002-606-450x450.jpg',NULL,NULL,'number*24',199999,140.00,'Sold on','Apartment','15 min.','Test Monolit',1,2),(40,'AADepartment of Health 2',3.00,'TestCo','2022-07-16','Elevator + Stairs','Cool2','https://web-site-real-estate.com/wp-content/uploads/2021/04/Interior2002-606-450x450.jpg',NULL,NULL,'number*24',199999,140.00,'Sold on','Apartment','15 min.','Test Monolit',1,2),(41,'AADepartment of Health 2',3.00,'TestCo','2022-07-16','Elevator + Stairs','Cool2','https://web-site-real-estate.com/wp-content/uploads/2021/04/Interior2002-606-450x450.jpg',NULL,NULL,'number*24',199999,140.00,'Sold on','Apartment','15 min.','Test Monolit',1,2),(42,'AADepartment of Health 2',3.00,'TestCo','2022-07-16','Elevator + Stairs','Cool2','https://web-site-real-estate.com/wp-content/uploads/2021/04/Interior2002-606-450x450.jpg',NULL,NULL,'number*24',199999,140.00,'Sold on','Apartment','15 min.','Test Monolit',1,2),(43,'AADepartment of Health 2',3.00,'TestCo','2022-07-16','Elevator + Stairs','Cool2','https://web-site-real-estate.com/wp-content/uploads/2021/04/Interior2002-606-450x450.jpg',NULL,NULL,'number*24',199999,140.00,'Sold on','Apartment','15 min.','Test Monolit',1,2),(44,'AADepartment of Health 2',3.00,'TestCo','2022-07-16','Elevator + Stairs','Cool2','https://web-site-real-estate.com/wp-content/uploads/2021/04/Interior2002-606-450x450.jpg',NULL,NULL,'number*24',199999,140.00,'Sold on','Apartment','15 min.','Test Monolit',1,2),(45,'AADepartment of Health 2',3.00,'TestCo','2022-07-16','Elevator + Stairs','Cool2','https://web-site-real-estate.com/wp-content/uploads/2021/04/Interior2002-606-450x450.jpg',NULL,NULL,'number*24',199999,140.00,'Sold on','Apartment','15 min.','Test Monolit',1,2),(46,'AADepartment of Health 2',3.00,'TestCo','2022-07-16','Elevator + Stairs','Cool2','https://web-site-real-estate.com/wp-content/uploads/2021/04/Interior2002-606-450x450.jpg',NULL,NULL,'number*24',199999,140.00,'Sold on','Apartment','15 min.','Test Monolit',1,2),(47,'AADepartment of Health 2',3.00,'TestCo','2022-07-16','Elevator + Stairs','Cool2','https://web-site-real-estate.com/wp-content/uploads/2021/04/Interior2002-606-450x450.jpg',NULL,NULL,'number*24',199999,140.00,'Sold on','Apartment','15 min.','Test Monolit',1,2),(48,'AADepartment of Health 2',3.00,'TestCo','2022-07-16','Elevator + Stairs','Cool2','https://web-site-real-estate.com/wp-content/uploads/2021/04/Interior2002-606-450x450.jpg',NULL,NULL,'number*24',199999,140.00,'Sold on','Apartment','15 min.','Test Monolit',1,2),(49,'AADepartment of Health 2',3.00,'TestCo','2022-07-16','Elevator + Stairs','Cool2','https://web-site-real-estate.com/wp-content/uploads/2021/04/Interior2002-606-450x450.jpg',NULL,NULL,'number*24',199999,140.00,'Sold on','Apartment','15 min.','Test Monolit',1,2),(50,'Department of Health 2',3.00,'TestCo','2022-07-16','Elevator + Stairs','Cool2','https://web-site-real-estate.com/wp-content/uploads/2021/04/Interior2002-606-450x450.jpg',NULL,NULL,'number*24',199999,140.00,'Sold on','Apartment','15 min.','Test Monolit',1,2),(51,'AADepartment of Health 2',3.00,'TestCo','2022-07-16','Elevator + Stairs','Cool2','https://web-site-real-estate.com/wp-content/uploads/2021/04/Interior2002-606-450x450.jpg',NULL,NULL,'number*24',199999,140.00,'Sold on','Apartment','15 min.','Test Monolit',1,2),(52,'AADepartment of Health 2',3.00,'TestCo','2022-07-16','Elevator + Stairs','Cool2','https://web-site-real-estate.com/wp-content/uploads/2021/04/Interior2002-606-450x450.jpg',NULL,NULL,'number*24',199999,140.00,'Sold on','Apartment','15 min.','Test Monolit',1,2),(53,'AADepartment of Health 2',3.00,'TestCo','2022-07-16','Elevator + Stairs','Cool2','https://web-site-real-estate.com/wp-content/uploads/2021/04/Interior2002-606-450x450.jpg',NULL,NULL,'number*24',199999,140.00,'Sold on','Apartment','15 min.','Test Monolit',1,2),(54,'AADepartment of Health 2',3.00,'TestCo','2022-07-16','Elevator + Stairs','Cool2','https://web-site-real-estate.com/wp-content/uploads/2021/04/Interior2002-606-450x450.jpg',NULL,NULL,'number*24',199999,140.00,'Sold on','Apartment','15 min.','Test Monolit',1,2),(55,'AADepartment of Health 2',3.00,'TestCo','2022-07-16','Elevator + Stairs','Cool2','https://web-site-real-estate.com/wp-content/uploads/2021/04/Interior2002-606-450x450.jpg',NULL,NULL,'number*24',199999,140.00,'Sold on','Apartment','15 min.','Test Monolit',1,2),(56,'AADepartment of Health 2',3.00,'TestCo','2022-07-16','Elevator + Stairs','Cool2','https://web-site-real-estate.com/wp-content/uploads/2021/04/Interior2002-606-450x450.jpg',NULL,NULL,'number*24',199999,140.00,'Sold on','Apartment','15 min.','Test Monolit',1,2),(57,'AADepartment of Health 2',3.00,'TestCo','2022-07-16','Elevator + Stairs','Cool2','https://web-site-real-estate.com/wp-content/uploads/2021/04/Interior2002-606-450x450.jpg',NULL,NULL,'number*24',199999,140.00,'Sold on','Apartment','15 min.','Test Monolit',1,2),(58,'AADepartment of Health 2',3.00,'TestCo','2022-07-16','Elevator + Stairs','Cool2','https://web-site-real-estate.com/wp-content/uploads/2021/04/Interior2002-606-450x450.jpg',NULL,NULL,'number*24',199999,140.00,'Sold on','Apartment','15 min.','Test Monolit',1,2),(59,'AADepartment of Health 2',3.00,'TestCo','2022-07-16','Elevator + Stairs','Cool2','https://web-site-real-estate.com/wp-content/uploads/2021/04/Interior2002-606-450x450.jpg',NULL,NULL,'number*24',199999,140.00,'Sold on','Apartment','15 min.','Test Monolit',1,2),(60,'AADepartment of Health 2',3.00,'TestCo1','2022-07-16','Elevator + Stairs','Cool2','https://web-site-real-estate.com/wp-content/uploads/2021/04/Interior2002-606-450x450.jpg',NULL,NULL,'number*24',199999,140.00,'Sold on','Apartment','15 min.','Test Monolit',1,2);
/*!40000 ALTER TABLE `complex` ENABLE KEYS */;
UNLOCK TABLES;

--
-- Table structure for table `contact_us_info`
--

DROP TABLE IF EXISTS `contact_us_info`;
/*!40101 SET @saved_cs_client     = @@character_set_client */;
/*!50503 SET character_set_client = utf8mb4 */;
CREATE TABLE `contact_us_info` (
  `id` int NOT NULL AUTO_INCREMENT,
  `address` varchar(255) DEFAULT NULL,
  `email` varchar(255) DEFAULT NULL,
  `number_for_whats_app` varchar(255) DEFAULT NULL,
  `phone` varchar(255) DEFAULT NULL,
  `opening_hours1` varchar(255) DEFAULT NULL,
  `opening_hours2` varchar(255) DEFAULT NULL,
  PRIMARY KEY (`id`)
) ENGINE=InnoDB AUTO_INCREMENT=2 DEFAULT CHARSET=utf8mb4 COLLATE=utf8mb4_0900_ai_ci;
/*!40101 SET character_set_client = @saved_cs_client */;

--
-- Dumping data for table `contact_us_info`
--

LOCK TABLES `contact_us_info` WRITE;
/*!40000 ALTER TABLE `contact_us_info` DISABLE KEYS */;
INSERT INTO `contact_us_info` VALUES (1,'Gate Avenue, Zone D, Level 1 - Al Mustaqbal St - Dubai','d@web-site-real-estate.com','+7 111 111-11-11','+7 111 111-11-11','Mon-Fri: 9.00 - 20.00','Sat-Sun: 10.00 - 18.00');
/*!40000 ALTER TABLE `contact_us_info` ENABLE KEYS */;
UNLOCK TABLES;

--
-- Table structure for table `developer`
--

DROP TABLE IF EXISTS `developer`;
/*!40101 SET @saved_cs_client     = @@character_set_client */;
/*!50503 SET character_set_client = utf8mb4 */;
CREATE TABLE `developer` (
  `id` int NOT NULL AUTO_INCREMENT,
  `name` varchar(255) DEFAULT NULL,
  `additional_info` varchar(3000) DEFAULT NULL,
  `image` varchar(255) DEFAULT NULL,
  `vector_image` varchar(5000) DEFAULT NULL,
  PRIMARY KEY (`id`)
) ENGINE=InnoDB AUTO_INCREMENT=26 DEFAULT CHARSET=utf8mb4 COLLATE=utf8mb4_0900_ai_ci;
/*!40101 SET character_set_client = @saved_cs_client */;

--
-- Dumping data for table `developer`
--

LOCK TABLES `developer` WRITE;
/*!40000 ALTER TABLE `developer` DISABLE KEYS */;
INSERT INTO `developer` VALUES (1,'Aark Developers','Aark Developers was founded by industry veteran Mr. Rahul Kumar Gupta, who brings over two decades of real estate expertise in India and the UAE. Aark Developers has forged strategic tie-ups with leading global design firms, construction partners, and sales & marketing teams to ensure flawless execution across all projects.','https://web-site-real-estate.com/wp-content/uploads/2021/04/Aark-Developers.webp','<svg width=\"141\" height=\"22\" viewBox=\"0 0 141 22\" fill=\"none\" xmlns=\"http://www.w3.org/2000/svg\">\n<g mask=\"url(#mask0_2603_2147)\">\n<path d=\"M23.1515 0.954102L25.2943 6.87358C21.3922 8.54147 17.1904 9.39945 12.945 9.39524C8.69874 9.39987 4.49608 8.54117 0.59375 6.8716L2.73658 0.954102C5.94975 2.38616 9.43054 3.12356 12.95 3.11779C16.4655 3.12239 19.9421 2.38501 23.1515 0.954102ZM12.945 15.6766C9.42726 15.6817 5.94823 14.9443 2.73658 13.513L0.59375 19.4305C4.49608 21.1 8.69874 21.9587 12.945 21.9541C17.1903 21.9582 21.392 21.1006 25.2943 19.4334L23.1515 13.513C19.9406 14.9446 16.4622 15.682 12.945 15.6766ZM119.394 11.0625C119.417 12.5222 119.142 13.9714 118.585 15.3213C118.027 16.6712 117.2 17.8935 116.152 18.9131C115.104 19.9328 113.859 20.7285 112.492 21.2514C111.125 21.7743 109.666 22.0134 108.203 21.9541H101.195V0.954102H108.655C115.754 0.954102 119.394 5.89854 119.394 11.0625ZM114.535 11.0625C114.535 8.06222 112.75 5.40607 108.752 5.40607H106V17.5021H108.155C112.468 17.5021 114.535 14.313 114.535 11.0625ZM77.2855 21.9541L72.625 13.153C73.6545 12.6325 74.5132 11.8292 75.0997 10.8377C75.6862 9.84633 75.9761 8.70825 75.935 7.55789C75.935 4.26885 73.6246 0.954102 68.0419 0.954102H59.6302V21.9541H64.4335V14.134H67.8822L71.9111 21.9541H77.2855ZM64.4335 10.043V5.40409H67.0305C69.4976 5.40409 70.8739 5.87085 70.8739 7.67853C70.8739 9.69883 69.2873 10.035 67.0305 10.035L64.4335 10.043ZM50.0217 0.954102H44.1009L36.5975 21.9541H41.5307L42.9437 17.7939H51.1789L52.5919 21.9541H57.5251L50.0217 0.954102ZM44.3974 13.513L47.0618 5.66714L49.7252 13.513H44.3974ZM91.4346 0.954102H85.5138L78.0104 21.9541H82.9435L84.3566 17.7939H92.5917L94.0018 21.9541H98.935L91.4346 0.954102ZM85.8102 13.513L88.4737 5.66714L91.1381 13.513H85.8102ZM133.09 0.954102H127.17L119.666 21.9541H124.599L126.012 17.7939H134.248L135.661 21.9541H140.594L133.09 0.954102ZM127.466 13.513L130.13 5.66714L132.794 13.513H127.466Z\"></path>\n</g>\n</svg>'),(2,'ABA Group',NULL,'https://web-site-real-estate.com/wp-content/uploads/2021/04/logo-2.jpg','<svg width=\"141\" height=\"22\" viewBox=\"0 0 141 22\" fill=\"none\" xmlns=\"http://www.w3.org/2000/svg\">\n<g mask=\"url(#mask0_2603_2147)\">\n<path d=\"M23.1515 0.954102L25.2943 6.87358C21.3922 8.54147 17.1904 9.39945 12.945 9.39524C8.69874 9.39987 4.49608 8.54117 0.59375 6.8716L2.73658 0.954102C5.94975 2.38616 9.43054 3.12356 12.95 3.11779C16.4655 3.12239 19.9421 2.38501 23.1515 0.954102ZM12.945 15.6766C9.42726 15.6817 5.94823 14.9443 2.73658 13.513L0.59375 19.4305C4.49608 21.1 8.69874 21.9587 12.945 21.9541C17.1903 21.9582 21.392 21.1006 25.2943 19.4334L23.1515 13.513C19.9406 14.9446 16.4622 15.682 12.945 15.6766ZM119.394 11.0625C119.417 12.5222 119.142 13.9714 118.585 15.3213C118.027 16.6712 117.2 17.8935 116.152 18.9131C115.104 19.9328 113.859 20.7285 112.492 21.2514C111.125 21.7743 109.666 22.0134 108.203 21.9541H101.195V0.954102H108.655C115.754 0.954102 119.394 5.89854 119.394 11.0625ZM114.535 11.0625C114.535 8.06222 112.75 5.40607 108.752 5.40607H106V17.5021H108.155C112.468 17.5021 114.535 14.313 114.535 11.0625ZM77.2855 21.9541L72.625 13.153C73.6545 12.6325 74.5132 11.8292 75.0997 10.8377C75.6862 9.84633 75.9761 8.70825 75.935 7.55789C75.935 4.26885 73.6246 0.954102 68.0419 0.954102H59.6302V21.9541H64.4335V14.134H67.8822L71.9111 21.9541H77.2855ZM64.4335 10.043V5.40409H67.0305C69.4976 5.40409 70.8739 5.87085 70.8739 7.67853C70.8739 9.69883 69.2873 10.035 67.0305 10.035L64.4335 10.043ZM50.0217 0.954102H44.1009L36.5975 21.9541H41.5307L42.9437 17.7939H51.1789L52.5919 21.9541H57.5251L50.0217 0.954102ZM44.3974 13.513L47.0618 5.66714L49.7252 13.513H44.3974ZM91.4346 0.954102H85.5138L78.0104 21.9541H82.9435L84.3566 17.7939H92.5917L94.0018 21.9541H98.935L91.4346 0.954102ZM85.8102 13.513L88.4737 5.66714L91.1381 13.513H85.8102ZM133.09 0.954102H127.17L119.666 21.9541H124.599L126.012 17.7939H134.248L135.661 21.9541H140.594L133.09 0.954102ZM127.466 13.513L130.13 5.66714L132.794 13.513H127.466Z\"></path>\n</g>\n</svg>'),(3,'Acube Developers','As a customer-focused real estate developer, Acube is poised to revolutionize the property market in Dubai through strategic partnerships with leading businesses in the UAE. Our comprehensive real estate development solutions aim to enhance the quality of life and change mindsets. With an in-depth understanding of what both homeowners and investors need, we offer a diverse portfolio of large and small projects across Dubai.Acube is rapidly evolving into a highly sought-after entity, offering innovative and cutting-edge solutions. Our connections to top-notch investors and vendors have made us leaders in both architecture and engineering. Whether you are a homeowner or an investor, Acube is your trusted partner for all your real estate development needs.','https://web-site-real-estate.com/wp-content/uploads/2021/04/355154129_231276876367197_598674668378578934_n-1.jpg','<svg width=\"141\" height=\"22\" viewBox=\"0 0 141 22\" fill=\"none\" xmlns=\"http://www.w3.org/2000/svg\">\n<g mask=\"url(#mask0_2603_2147)\">\n<path d=\"M23.1515 0.954102L25.2943 6.87358C21.3922 8.54147 17.1904 9.39945 12.945 9.39524C8.69874 9.39987 4.49608 8.54117 0.59375 6.8716L2.73658 0.954102C5.94975 2.38616 9.43054 3.12356 12.95 3.11779C16.4655 3.12239 19.9421 2.38501 23.1515 0.954102ZM12.945 15.6766C9.42726 15.6817 5.94823 14.9443 2.73658 13.513L0.59375 19.4305C4.49608 21.1 8.69874 21.9587 12.945 21.9541C17.1903 21.9582 21.392 21.1006 25.2943 19.4334L23.1515 13.513C19.9406 14.9446 16.4622 15.682 12.945 15.6766ZM119.394 11.0625C119.417 12.5222 119.142 13.9714 118.585 15.3213C118.027 16.6712 117.2 17.8935 116.152 18.9131C115.104 19.9328 113.859 20.7285 112.492 21.2514C111.125 21.7743 109.666 22.0134 108.203 21.9541H101.195V0.954102H108.655C115.754 0.954102 119.394 5.89854 119.394 11.0625ZM114.535 11.0625C114.535 8.06222 112.75 5.40607 108.752 5.40607H106V17.5021H108.155C112.468 17.5021 114.535 14.313 114.535 11.0625ZM77.2855 21.9541L72.625 13.153C73.6545 12.6325 74.5132 11.8292 75.0997 10.8377C75.6862 9.84633 75.9761 8.70825 75.935 7.55789C75.935 4.26885 73.6246 0.954102 68.0419 0.954102H59.6302V21.9541H64.4335V14.134H67.8822L71.9111 21.9541H77.2855ZM64.4335 10.043V5.40409H67.0305C69.4976 5.40409 70.8739 5.87085 70.8739 7.67853C70.8739 9.69883 69.2873 10.035 67.0305 10.035L64.4335 10.043ZM50.0217 0.954102H44.1009L36.5975 21.9541H41.5307L42.9437 17.7939H51.1789L52.5919 21.9541H57.5251L50.0217 0.954102ZM44.3974 13.513L47.0618 5.66714L49.7252 13.513H44.3974ZM91.4346 0.954102H85.5138L78.0104 21.9541H82.9435L84.3566 17.7939H92.5917L94.0018 21.9541H98.935L91.4346 0.954102ZM85.8102 13.513L88.4737 5.66714L91.1381 13.513H85.8102ZM133.09 0.954102H127.17L119.666 21.9541H124.599L126.012 17.7939H134.248L135.661 21.9541H140.594L133.09 0.954102ZM127.466 13.513L130.13 5.66714L132.794 13.513H127.466Z\"></path>\n</g>\n</svg>'),(4,'Acube Developers','As a customer-focused real estate developer, Acube is poised to revolutionize the property market in Dubai through strategic partnerships with leading businesses in the UAE. Our comprehensive real estate development solutions aim to enhance the quality of life and change mindsets. With an in-depth understanding of what both homeowners and investors need, we offer a diverse portfolio of large and small projects across Dubai.Acube is rapidly evolving into a highly sought-after entity, offering innovative and cutting-edge solutions. Our connections to top-notch investors and vendors have made us leaders in both architecture and engineering. Whether you are a homeowner or an investor, Acube is your trusted partner for all your real estate development needs.','https://web-site-real-estate.com/wp-content/uploads/2021/04/355154129_231276876367197_598674668378578934_n-1.jpg','<svg width=\"141\" height=\"22\" viewBox=\"0 0 141 22\" fill=\"none\" xmlns=\"http://www.w3.org/2000/svg\">\n<g mask=\"url(#mask0_2603_2147)\">\n<path d=\"M23.1515 0.954102L25.2943 6.87358C21.3922 8.54147 17.1904 9.39945 12.945 9.39524C8.69874 9.39987 4.49608 8.54117 0.59375 6.8716L2.73658 0.954102C5.94975 2.38616 9.43054 3.12356 12.95 3.11779C16.4655 3.12239 19.9421 2.38501 23.1515 0.954102ZM12.945 15.6766C9.42726 15.6817 5.94823 14.9443 2.73658 13.513L0.59375 19.4305C4.49608 21.1 8.69874 21.9587 12.945 21.9541C17.1903 21.9582 21.392 21.1006 25.2943 19.4334L23.1515 13.513C19.9406 14.9446 16.4622 15.682 12.945 15.6766ZM119.394 11.0625C119.417 12.5222 119.142 13.9714 118.585 15.3213C118.027 16.6712 117.2 17.8935 116.152 18.9131C115.104 19.9328 113.859 20.7285 112.492 21.2514C111.125 21.7743 109.666 22.0134 108.203 21.9541H101.195V0.954102H108.655C115.754 0.954102 119.394 5.89854 119.394 11.0625ZM114.535 11.0625C114.535 8.06222 112.75 5.40607 108.752 5.40607H106V17.5021H108.155C112.468 17.5021 114.535 14.313 114.535 11.0625ZM77.2855 21.9541L72.625 13.153C73.6545 12.6325 74.5132 11.8292 75.0997 10.8377C75.6862 9.84633 75.9761 8.70825 75.935 7.55789C75.935 4.26885 73.6246 0.954102 68.0419 0.954102H59.6302V21.9541H64.4335V14.134H67.8822L71.9111 21.9541H77.2855ZM64.4335 10.043V5.40409H67.0305C69.4976 5.40409 70.8739 5.87085 70.8739 7.67853C70.8739 9.69883 69.2873 10.035 67.0305 10.035L64.4335 10.043ZM50.0217 0.954102H44.1009L36.5975 21.9541H41.5307L42.9437 17.7939H51.1789L52.5919 21.9541H57.5251L50.0217 0.954102ZM44.3974 13.513L47.0618 5.66714L49.7252 13.513H44.3974ZM91.4346 0.954102H85.5138L78.0104 21.9541H82.9435L84.3566 17.7939H92.5917L94.0018 21.9541H98.935L91.4346 0.954102ZM85.8102 13.513L88.4737 5.66714L91.1381 13.513H85.8102ZM133.09 0.954102H127.17L119.666 21.9541H124.599L126.012 17.7939H134.248L135.661 21.9541H140.594L133.09 0.954102ZM127.466 13.513L130.13 5.66714L132.794 13.513H127.466Z\"></path>\n</g>\n</svg>'),(5,'Acube Developers','As a customer-focused real estate developer, Acube is poised to revolutionize the property market in Dubai through strategic partnerships with leading businesses in the UAE. Our comprehensive real estate development solutions aim to enhance the quality of life and change mindsets. With an in-depth understanding of what both homeowners and investors need, we offer a diverse portfolio of large and small projects across Dubai.Acube is rapidly evolving into a highly sought-after entity, offering innovative and cutting-edge solutions. Our connections to top-notch investors and vendors have made us leaders in both architecture and engineering. Whether you are a homeowner or an investor, Acube is your trusted partner for all your real estate development needs.','https://web-site-real-estate.com/wp-content/uploads/2021/04/355154129_231276876367197_598674668378578934_n-1.jpg','<svg width=\"141\" height=\"22\" viewBox=\"0 0 141 22\" fill=\"none\" xmlns=\"http://www.w3.org/2000/svg\">\n<g mask=\"url(#mask0_2603_2147)\">\n<path d=\"M23.1515 0.954102L25.2943 6.87358C21.3922 8.54147 17.1904 9.39945 12.945 9.39524C8.69874 9.39987 4.49608 8.54117 0.59375 6.8716L2.73658 0.954102C5.94975 2.38616 9.43054 3.12356 12.95 3.11779C16.4655 3.12239 19.9421 2.38501 23.1515 0.954102ZM12.945 15.6766C9.42726 15.6817 5.94823 14.9443 2.73658 13.513L0.59375 19.4305C4.49608 21.1 8.69874 21.9587 12.945 21.9541C17.1903 21.9582 21.392 21.1006 25.2943 19.4334L23.1515 13.513C19.9406 14.9446 16.4622 15.682 12.945 15.6766ZM119.394 11.0625C119.417 12.5222 119.142 13.9714 118.585 15.3213C118.027 16.6712 117.2 17.8935 116.152 18.9131C115.104 19.9328 113.859 20.7285 112.492 21.2514C111.125 21.7743 109.666 22.0134 108.203 21.9541H101.195V0.954102H108.655C115.754 0.954102 119.394 5.89854 119.394 11.0625ZM114.535 11.0625C114.535 8.06222 112.75 5.40607 108.752 5.40607H106V17.5021H108.155C112.468 17.5021 114.535 14.313 114.535 11.0625ZM77.2855 21.9541L72.625 13.153C73.6545 12.6325 74.5132 11.8292 75.0997 10.8377C75.6862 9.84633 75.9761 8.70825 75.935 7.55789C75.935 4.26885 73.6246 0.954102 68.0419 0.954102H59.6302V21.9541H64.4335V14.134H67.8822L71.9111 21.9541H77.2855ZM64.4335 10.043V5.40409H67.0305C69.4976 5.40409 70.8739 5.87085 70.8739 7.67853C70.8739 9.69883 69.2873 10.035 67.0305 10.035L64.4335 10.043ZM50.0217 0.954102H44.1009L36.5975 21.9541H41.5307L42.9437 17.7939H51.1789L52.5919 21.9541H57.5251L50.0217 0.954102ZM44.3974 13.513L47.0618 5.66714L49.7252 13.513H44.3974ZM91.4346 0.954102H85.5138L78.0104 21.9541H82.9435L84.3566 17.7939H92.5917L94.0018 21.9541H98.935L91.4346 0.954102ZM85.8102 13.513L88.4737 5.66714L91.1381 13.513H85.8102ZM133.09 0.954102H127.17L119.666 21.9541H124.599L126.012 17.7939H134.248L135.661 21.9541H140.594L133.09 0.954102ZM127.466 13.513L130.13 5.66714L132.794 13.513H127.466Z\"></path>\n</g>\n</svg>'),(6,'Acube Developers','As a customer-focused real estate developer, Acube is poised to revolutionize the property market in Dubai through strategic partnerships with leading businesses in the UAE. Our comprehensive real estate development solutions aim to enhance the quality of life and change mindsets. With an in-depth understanding of what both homeowners and investors need, we offer a diverse portfolio of large and small projects across Dubai.Acube is rapidly evolving into a highly sought-after entity, offering innovative and cutting-edge solutions. Our connections to top-notch investors and vendors have made us leaders in both architecture and engineering. Whether you are a homeowner or an investor, Acube is your trusted partner for all your real estate development needs.','https://web-site-real-estate.com/wp-content/uploads/2021/04/355154129_231276876367197_598674668378578934_n-1.jpg','<svg width=\"141\" height=\"22\" viewBox=\"0 0 141 22\" fill=\"none\" xmlns=\"http://www.w3.org/2000/svg\">\n<g mask=\"url(#mask0_2603_2147)\">\n<path d=\"M23.1515 0.954102L25.2943 6.87358C21.3922 8.54147 17.1904 9.39945 12.945 9.39524C8.69874 9.39987 4.49608 8.54117 0.59375 6.8716L2.73658 0.954102C5.94975 2.38616 9.43054 3.12356 12.95 3.11779C16.4655 3.12239 19.9421 2.38501 23.1515 0.954102ZM12.945 15.6766C9.42726 15.6817 5.94823 14.9443 2.73658 13.513L0.59375 19.4305C4.49608 21.1 8.69874 21.9587 12.945 21.9541C17.1903 21.9582 21.392 21.1006 25.2943 19.4334L23.1515 13.513C19.9406 14.9446 16.4622 15.682 12.945 15.6766ZM119.394 11.0625C119.417 12.5222 119.142 13.9714 118.585 15.3213C118.027 16.6712 117.2 17.8935 116.152 18.9131C115.104 19.9328 113.859 20.7285 112.492 21.2514C111.125 21.7743 109.666 22.0134 108.203 21.9541H101.195V0.954102H108.655C115.754 0.954102 119.394 5.89854 119.394 11.0625ZM114.535 11.0625C114.535 8.06222 112.75 5.40607 108.752 5.40607H106V17.5021H108.155C112.468 17.5021 114.535 14.313 114.535 11.0625ZM77.2855 21.9541L72.625 13.153C73.6545 12.6325 74.5132 11.8292 75.0997 10.8377C75.6862 9.84633 75.9761 8.70825 75.935 7.55789C75.935 4.26885 73.6246 0.954102 68.0419 0.954102H59.6302V21.9541H64.4335V14.134H67.8822L71.9111 21.9541H77.2855ZM64.4335 10.043V5.40409H67.0305C69.4976 5.40409 70.8739 5.87085 70.8739 7.67853C70.8739 9.69883 69.2873 10.035 67.0305 10.035L64.4335 10.043ZM50.0217 0.954102H44.1009L36.5975 21.9541H41.5307L42.9437 17.7939H51.1789L52.5919 21.9541H57.5251L50.0217 0.954102ZM44.3974 13.513L47.0618 5.66714L49.7252 13.513H44.3974ZM91.4346 0.954102H85.5138L78.0104 21.9541H82.9435L84.3566 17.7939H92.5917L94.0018 21.9541H98.935L91.4346 0.954102ZM85.8102 13.513L88.4737 5.66714L91.1381 13.513H85.8102ZM133.09 0.954102H127.17L119.666 21.9541H124.599L126.012 17.7939H134.248L135.661 21.9541H140.594L133.09 0.954102ZM127.466 13.513L130.13 5.66714L132.794 13.513H127.466Z\"></path>\n</g>\n</svg>'),(7,'Acube Developers','As a customer-focused real estate developer, Acube is poised to revolutionize the property market in Dubai through strategic partnerships with leading businesses in the UAE. Our comprehensive real estate development solutions aim to enhance the quality of life and change mindsets. With an in-depth understanding of what both homeowners and investors need, we offer a diverse portfolio of large and small projects across Dubai.Acube is rapidly evolving into a highly sought-after entity, offering innovative and cutting-edge solutions. Our connections to top-notch investors and vendors have made us leaders in both architecture and engineering. Whether you are a homeowner or an investor, Acube is your trusted partner for all your real estate development needs.','https://web-site-real-estate.com/wp-content/uploads/2021/04/355154129_231276876367197_598674668378578934_n-1.jpg','<svg xmlns=\"http://www.w3.org/2000/svg\" width=\"139\" height=\"28\"     viewBox=\"0 0 139 28\" fill=\"none\"> \n    <path d=\"M20.3418 24.8656L19.9304 27.5916H0.248047C1.06243 25.7057 1.01099 24.6427 1.01099 23.2797V4.54035C1.01099 3.22019 1.06243 2.06292 0.248047 0.228415H6.14588H19.4503L19.4846 3.00588C19.1245 2.86015 18.8331 2.73157 18.5673 2.61155C17.8558 2.34581 16.9557 2.09721 16.0213 2.10578C14.5297 2.10578 8.27184 2.10578 5.49438 2.10578V12.8213H17.8472L17.2386 14.9301H5.49438V25.6543C7.76607 25.6543 15.0269 25.6543 16.63 25.6543C18.5073 25.6885 20.3761 24.6256 20.3761 24.6256L20.3247 24.857C20.3247 24.8656 20.3333 24.8656 20.3418 24.8656ZM49.9682 27.5916C50.2339 26.2457 50.2339 24.3427 50.0196 22.7911L48.2708 9.89812L38.7211 27.583H36.9038L27.1998 9.10088L25.3138 23.0739C25.1081 24.6856 25.0481 26.7258 25.2195 27.5916H21.8077C22.4678 26.1943 22.6307 25.5857 22.9393 23.2883L26.0254 0.228415H27.5941L38.9183 21.7452L50.2339 0.228415H51.4169L54.6058 23.2368C54.923 25.5257 55.163 26.1857 55.7974 27.5916H49.9682ZM78.7115 27.5916L74.1681 17.5704H65.0299L60.5465 27.5916H60.1608H56.9975H56.9804C58.112 26.1857 58.4977 25.5342 59.295 23.7855L69.8905 0.228415H71.082L81.5061 23.1254C82.6205 25.3628 83.1435 26.0572 84.7379 27.5916H78.7115ZM107.301 27.5916L102.757 17.5704H93.619L89.1356 27.5916H88.7584H85.5866H85.5695C86.701 26.1857 87.0868 25.5342 87.884 23.7855L98.4795 0.228415H99.6711L110.104 23.1254C111.218 25.3628 111.741 26.0572 113.336 27.5916H107.301ZM133.206 27.6088C130.472 25.1142 126.931 21.8052 122.499 16.5589C121.231 15.0759 120.339 14.8873 119.765 14.853V23.2797C119.765 24.6341 119.765 25.7057 120.536 27.5916H114.519C115.333 25.7057 115.282 24.6427 115.282 23.2797V4.5232C115.282 3.20305 115.333 2.04577 114.519 0.211271H120.416C124.445 0.211271 133.969 -0.148772 133.969 7.72072C133.969 11.8784 130.669 14.1158 126.794 14.6815L125.646 14.793C125.646 14.793 138.213 27.0773 138.753 27.6088H133.206ZM126.083 13.1128L126.074 13.1214C128.612 12.1612 129.469 9.75239 129.383 7.71215C129.289 5.74906 128.406 1.47999 119.773 1.82289V13.49C119.773 13.49 124.608 13.7557 125.963 13.1642C126.04 13.1299 126.083 13.1128 126.083 13.1128ZM94.4934 15.6588H101.874L98.1538 7.48927L94.4934 15.6588ZM65.9129 15.6588H73.2937L69.5733 7.48927L65.9129 15.6588Z\"/></svg>'),(8,'Acube Developers','As a customer-focused real estate developer, Acube is poised to revolutionize the property market in Dubai through strategic partnerships with leading businesses in the UAE. Our comprehensive real estate development solutions aim to enhance the quality of life and change mindsets. With an in-depth understanding of what both homeowners and investors need, we offer a diverse portfolio of large and small projects across Dubai.Acube is rapidly evolving into a highly sought-after entity, offering innovative and cutting-edge solutions. Our connections to top-notch investors and vendors have made us leaders in both architecture and engineering. Whether you are a homeowner or an investor, Acube is your trusted partner for all your real estate development needs.','https://web-site-real-estate.com/wp-content/uploads/2021/04/355154129_231276876367197_598674668378578934_n-1.jpg','<svg xmlns=\"http://www.w3.org/2000/svg\" width=\"139\" height=\"28\"     viewBox=\"0 0 139 28\" fill=\"none\"> \n    <path d=\"M20.3418 24.8656L19.9304 27.5916H0.248047C1.06243 25.7057 1.01099 24.6427 1.01099 23.2797V4.54035C1.01099 3.22019 1.06243 2.06292 0.248047 0.228415H6.14588H19.4503L19.4846 3.00588C19.1245 2.86015 18.8331 2.73157 18.5673 2.61155C17.8558 2.34581 16.9557 2.09721 16.0213 2.10578C14.5297 2.10578 8.27184 2.10578 5.49438 2.10578V12.8213H17.8472L17.2386 14.9301H5.49438V25.6543C7.76607 25.6543 15.0269 25.6543 16.63 25.6543C18.5073 25.6885 20.3761 24.6256 20.3761 24.6256L20.3247 24.857C20.3247 24.8656 20.3333 24.8656 20.3418 24.8656ZM49.9682 27.5916C50.2339 26.2457 50.2339 24.3427 50.0196 22.7911L48.2708 9.89812L38.7211 27.583H36.9038L27.1998 9.10088L25.3138 23.0739C25.1081 24.6856 25.0481 26.7258 25.2195 27.5916H21.8077C22.4678 26.1943 22.6307 25.5857 22.9393 23.2883L26.0254 0.228415H27.5941L38.9183 21.7452L50.2339 0.228415H51.4169L54.6058 23.2368C54.923 25.5257 55.163 26.1857 55.7974 27.5916H49.9682ZM78.7115 27.5916L74.1681 17.5704H65.0299L60.5465 27.5916H60.1608H56.9975H56.9804C58.112 26.1857 58.4977 25.5342 59.295 23.7855L69.8905 0.228415H71.082L81.5061 23.1254C82.6205 25.3628 83.1435 26.0572 84.7379 27.5916H78.7115ZM107.301 27.5916L102.757 17.5704H93.619L89.1356 27.5916H88.7584H85.5866H85.5695C86.701 26.1857 87.0868 25.5342 87.884 23.7855L98.4795 0.228415H99.6711L110.104 23.1254C111.218 25.3628 111.741 26.0572 113.336 27.5916H107.301ZM133.206 27.6088C130.472 25.1142 126.931 21.8052 122.499 16.5589C121.231 15.0759 120.339 14.8873 119.765 14.853V23.2797C119.765 24.6341 119.765 25.7057 120.536 27.5916H114.519C115.333 25.7057 115.282 24.6427 115.282 23.2797V4.5232C115.282 3.20305 115.333 2.04577 114.519 0.211271H120.416C124.445 0.211271 133.969 -0.148772 133.969 7.72072C133.969 11.8784 130.669 14.1158 126.794 14.6815L125.646 14.793C125.646 14.793 138.213 27.0773 138.753 27.6088H133.206ZM126.083 13.1128L126.074 13.1214C128.612 12.1612 129.469 9.75239 129.383 7.71215C129.289 5.74906 128.406 1.47999 119.773 1.82289V13.49C119.773 13.49 124.608 13.7557 125.963 13.1642C126.04 13.1299 126.083 13.1128 126.083 13.1128ZM94.4934 15.6588H101.874L98.1538 7.48927L94.4934 15.6588ZM65.9129 15.6588H73.2937L69.5733 7.48927L65.9129 15.6588Z\"/></svg>'),(9,'Acube Developers','As a customer-focused real estate developer, Acube is poised to revolutionize the property market in Dubai through strategic partnerships with leading businesses in the UAE. Our comprehensive real estate development solutions aim to enhance the quality of life and change mindsets. With an in-depth understanding of what both homeowners and investors need, we offer a diverse portfolio of large and small projects across Dubai.Acube is rapidly evolving into a highly sought-after entity, offering innovative and cutting-edge solutions. Our connections to top-notch investors and vendors have made us leaders in both architecture and engineering. Whether you are a homeowner or an investor, Acube is your trusted partner for all your real estate development needs.','https://web-site-real-estate.com/wp-content/uploads/2021/04/355154129_231276876367197_598674668378578934_n-1.jpg','<svg xmlns=\"http://www.w3.org/2000/svg\" width=\"139\" height=\"28\"     viewBox=\"0 0 139 28\" fill=\"none\"> \n    <path d=\"M20.3418 24.8656L19.9304 27.5916H0.248047C1.06243 25.7057 1.01099 24.6427 1.01099 23.2797V4.54035C1.01099 3.22019 1.06243 2.06292 0.248047 0.228415H6.14588H19.4503L19.4846 3.00588C19.1245 2.86015 18.8331 2.73157 18.5673 2.61155C17.8558 2.34581 16.9557 2.09721 16.0213 2.10578C14.5297 2.10578 8.27184 2.10578 5.49438 2.10578V12.8213H17.8472L17.2386 14.9301H5.49438V25.6543C7.76607 25.6543 15.0269 25.6543 16.63 25.6543C18.5073 25.6885 20.3761 24.6256 20.3761 24.6256L20.3247 24.857C20.3247 24.8656 20.3333 24.8656 20.3418 24.8656ZM49.9682 27.5916C50.2339 26.2457 50.2339 24.3427 50.0196 22.7911L48.2708 9.89812L38.7211 27.583H36.9038L27.1998 9.10088L25.3138 23.0739C25.1081 24.6856 25.0481 26.7258 25.2195 27.5916H21.8077C22.4678 26.1943 22.6307 25.5857 22.9393 23.2883L26.0254 0.228415H27.5941L38.9183 21.7452L50.2339 0.228415H51.4169L54.6058 23.2368C54.923 25.5257 55.163 26.1857 55.7974 27.5916H49.9682ZM78.7115 27.5916L74.1681 17.5704H65.0299L60.5465 27.5916H60.1608H56.9975H56.9804C58.112 26.1857 58.4977 25.5342 59.295 23.7855L69.8905 0.228415H71.082L81.5061 23.1254C82.6205 25.3628 83.1435 26.0572 84.7379 27.5916H78.7115ZM107.301 27.5916L102.757 17.5704H93.619L89.1356 27.5916H88.7584H85.5866H85.5695C86.701 26.1857 87.0868 25.5342 87.884 23.7855L98.4795 0.228415H99.6711L110.104 23.1254C111.218 25.3628 111.741 26.0572 113.336 27.5916H107.301ZM133.206 27.6088C130.472 25.1142 126.931 21.8052 122.499 16.5589C121.231 15.0759 120.339 14.8873 119.765 14.853V23.2797C119.765 24.6341 119.765 25.7057 120.536 27.5916H114.519C115.333 25.7057 115.282 24.6427 115.282 23.2797V4.5232C115.282 3.20305 115.333 2.04577 114.519 0.211271H120.416C124.445 0.211271 133.969 -0.148772 133.969 7.72072C133.969 11.8784 130.669 14.1158 126.794 14.6815L125.646 14.793C125.646 14.793 138.213 27.0773 138.753 27.6088H133.206ZM126.083 13.1128L126.074 13.1214C128.612 12.1612 129.469 9.75239 129.383 7.71215C129.289 5.74906 128.406 1.47999 119.773 1.82289V13.49C119.773 13.49 124.608 13.7557 125.963 13.1642C126.04 13.1299 126.083 13.1128 126.083 13.1128ZM94.4934 15.6588H101.874L98.1538 7.48927L94.4934 15.6588ZM65.9129 15.6588H73.2937L69.5733 7.48927L65.9129 15.6588Z\"/></svg>'),(10,'Acube Developers','As a customer-focused real estate developer, Acube is poised to revolutionize the property market in Dubai through strategic partnerships with leading businesses in the UAE. Our comprehensive real estate development solutions aim to enhance the quality of life and change mindsets. With an in-depth understanding of what both homeowners and investors need, we offer a diverse portfolio of large and small projects across Dubai.Acube is rapidly evolving into a highly sought-after entity, offering innovative and cutting-edge solutions. Our connections to top-notch investors and vendors have made us leaders in both architecture and engineering. Whether you are a homeowner or an investor, Acube is your trusted partner for all your real estate development needs.','https://web-site-real-estate.com/wp-content/uploads/2021/04/355154129_231276876367197_598674668378578934_n-1.jpg','<svg width=\"148\" height=\"27\" viewBox=\"0 0 148 27\" fill=\"none\" xmlns=\"http://www.w3.org/2000/svg\">\n<path d=\"M16.9658 0.45699H22.8338V26.4541H11.4252L5.95893 0.680854V26.4512H0.09375V0.454102H11.5364L16.9658 26.2295V0.45699ZM41.5992 0.45699H30.0843L24.7272 26.4541H30.5222L31.5802 21.2908H40.109L41.167 26.4541H46.962L41.5992 0.45699ZM32.563 16.6503L35.8432 0.680854L39.1234 16.6496L32.563 16.6503ZM60.4745 16.0191L69.2613 0.45699H62.7357L55.3378 13.6V0.45699H48.8533V26.4541H55.3413V16.4625H59.35L62.7392 26.4512H69.2996L65.7615 16.0163H60.4745V16.0191ZM85.1441 10.5966H80.6969L77.7823 15.3873V0.45699H71.2943V26.4541H77.7823V15.6805H85.1441V26.4512H91.6322V0.454102H85.1441V10.5937V10.5966ZM94.7671 26.4541H110.911V21.623H101.254V15.5721H108.978V10.7446H103.987L101.254 15.2002V5.28523H110.91V0.45699H94.7671V26.4541ZM113.46 26.4541H129.605V21.623H119.948V15.5721H127.671V10.7446H122.68L119.947 15.2002V5.28523H129.603V0.45699H113.46V26.4541ZM138.641 21.623V0.45699H132.153V26.4541H147.094V21.623H138.638H138.641Z\"></path>\n</svg>'),(11,'Acube Developers','As a customer-focused real estate developer, Acube is poised to revolutionize the property market in Dubai through strategic partnerships with leading businesses in the UAE. Our comprehensive real estate development solutions aim to enhance the quality of life and change mindsets. With an in-depth understanding of what both homeowners and investors need, we offer a diverse portfolio of large and small projects across Dubai.Acube is rapidly evolving into a highly sought-after entity, offering innovative and cutting-edge solutions. Our connections to top-notch investors and vendors have made us leaders in both architecture and engineering. Whether you are a homeowner or an investor, Acube is your trusted partner for all your real estate development needs.','https://web-site-real-estate.com/wp-content/uploads/2021/04/355154129_231276876367197_598674668378578934_n-1.jpg','<svg width=\"148\" height=\"27\" viewBox=\"0 0 148 27\" fill=\"none\" xmlns=\"http://www.w3.org/2000/svg\">\n<path d=\"M16.9658 0.45699H22.8338V26.4541H11.4252L5.95893 0.680854V26.4512H0.09375V0.454102H11.5364L16.9658 26.2295V0.45699ZM41.5992 0.45699H30.0843L24.7272 26.4541H30.5222L31.5802 21.2908H40.109L41.167 26.4541H46.962L41.5992 0.45699ZM32.563 16.6503L35.8432 0.680854L39.1234 16.6496L32.563 16.6503ZM60.4745 16.0191L69.2613 0.45699H62.7357L55.3378 13.6V0.45699H48.8533V26.4541H55.3413V16.4625H59.35L62.7392 26.4512H69.2996L65.7615 16.0163H60.4745V16.0191ZM85.1441 10.5966H80.6969L77.7823 15.3873V0.45699H71.2943V26.4541H77.7823V15.6805H85.1441V26.4512H91.6322V0.454102H85.1441V10.5937V10.5966ZM94.7671 26.4541H110.911V21.623H101.254V15.5721H108.978V10.7446H103.987L101.254 15.2002V5.28523H110.91V0.45699H94.7671V26.4541ZM113.46 26.4541H129.605V21.623H119.948V15.5721H127.671V10.7446H122.68L119.947 15.2002V5.28523H129.603V0.45699H113.46V26.4541ZM138.641 21.623V0.45699H132.153V26.4541H147.094V21.623H138.638H138.641Z\"></path>\n</svg>'),(12,'Acube Developers','As a customer-focused real estate developer, Acube is poised to revolutionize the property market in Dubai through strategic partnerships with leading businesses in the UAE. Our comprehensive real estate development solutions aim to enhance the quality of life and change mindsets. With an in-depth understanding of what both homeowners and investors need, we offer a diverse portfolio of large and small projects across Dubai.Acube is rapidly evolving into a highly sought-after entity, offering innovative and cutting-edge solutions. Our connections to top-notch investors and vendors have made us leaders in both architecture and engineering. Whether you are a homeowner or an investor, Acube is your trusted partner for all your real estate development needs.','https://web-site-real-estate.com/wp-content/uploads/2021/04/355154129_231276876367197_598674668378578934_n-1.jpg','<svg width=\"148\" height=\"27\" viewBox=\"0 0 148 27\" fill=\"none\" xmlns=\"http://www.w3.org/2000/svg\">\n<path d=\"M16.9658 0.45699H22.8338V26.4541H11.4252L5.95893 0.680854V26.4512H0.09375V0.454102H11.5364L16.9658 26.2295V0.45699ZM41.5992 0.45699H30.0843L24.7272 26.4541H30.5222L31.5802 21.2908H40.109L41.167 26.4541H46.962L41.5992 0.45699ZM32.563 16.6503L35.8432 0.680854L39.1234 16.6496L32.563 16.6503ZM60.4745 16.0191L69.2613 0.45699H62.7357L55.3378 13.6V0.45699H48.8533V26.4541H55.3413V16.4625H59.35L62.7392 26.4512H69.2996L65.7615 16.0163H60.4745V16.0191ZM85.1441 10.5966H80.6969L77.7823 15.3873V0.45699H71.2943V26.4541H77.7823V15.6805H85.1441V26.4512H91.6322V0.454102H85.1441V10.5937V10.5966ZM94.7671 26.4541H110.911V21.623H101.254V15.5721H108.978V10.7446H103.987L101.254 15.2002V5.28523H110.91V0.45699H94.7671V26.4541ZM113.46 26.4541H129.605V21.623H119.948V15.5721H127.671V10.7446H122.68L119.947 15.2002V5.28523H129.603V0.45699H113.46V26.4541ZM138.641 21.623V0.45699H132.153V26.4541H147.094V21.623H138.638H138.641Z\"></path>\n</svg>'),(13,'Acube Developers','As a customer-focused real estate developer, Acube is poised to revolutionize the property market in Dubai through strategic partnerships with leading businesses in the UAE. Our comprehensive real estate development solutions aim to enhance the quality of life and change mindsets. With an in-depth understanding of what both homeowners and investors need, we offer a diverse portfolio of large and small projects across Dubai.Acube is rapidly evolving into a highly sought-after entity, offering innovative and cutting-edge solutions. Our connections to top-notch investors and vendors have made us leaders in both architecture and engineering. Whether you are a homeowner or an investor, Acube is your trusted partner for all your real estate development needs.','https://web-site-real-estate.com/wp-content/uploads/2021/04/355154129_231276876367197_598674668378578934_n-1.jpg','<svg xmlns=\"http://www.w3.org/2000/svg\" width=\"139\" height=\"28\"     viewBox=\"0 0 139 28\" fill=\"none\"> \n    <path d=\"M20.3418 24.8656L19.9304 27.5916H0.248047C1.06243 25.7057 1.01099 24.6427 1.01099 23.2797V4.54035C1.01099 3.22019 1.06243 2.06292 0.248047 0.228415H6.14588H19.4503L19.4846 3.00588C19.1245 2.86015 18.8331 2.73157 18.5673 2.61155C17.8558 2.34581 16.9557 2.09721 16.0213 2.10578C14.5297 2.10578 8.27184 2.10578 5.49438 2.10578V12.8213H17.8472L17.2386 14.9301H5.49438V25.6543C7.76607 25.6543 15.0269 25.6543 16.63 25.6543C18.5073 25.6885 20.3761 24.6256 20.3761 24.6256L20.3247 24.857C20.3247 24.8656 20.3333 24.8656 20.3418 24.8656ZM49.9682 27.5916C50.2339 26.2457 50.2339 24.3427 50.0196 22.7911L48.2708 9.89812L38.7211 27.583H36.9038L27.1998 9.10088L25.3138 23.0739C25.1081 24.6856 25.0481 26.7258 25.2195 27.5916H21.8077C22.4678 26.1943 22.6307 25.5857 22.9393 23.2883L26.0254 0.228415H27.5941L38.9183 21.7452L50.2339 0.228415H51.4169L54.6058 23.2368C54.923 25.5257 55.163 26.1857 55.7974 27.5916H49.9682ZM78.7115 27.5916L74.1681 17.5704H65.0299L60.5465 27.5916H60.1608H56.9975H56.9804C58.112 26.1857 58.4977 25.5342 59.295 23.7855L69.8905 0.228415H71.082L81.5061 23.1254C82.6205 25.3628 83.1435 26.0572 84.7379 27.5916H78.7115ZM107.301 27.5916L102.757 17.5704H93.619L89.1356 27.5916H88.7584H85.5866H85.5695C86.701 26.1857 87.0868 25.5342 87.884 23.7855L98.4795 0.228415H99.6711L110.104 23.1254C111.218 25.3628 111.741 26.0572 113.336 27.5916H107.301ZM133.206 27.6088C130.472 25.1142 126.931 21.8052 122.499 16.5589C121.231 15.0759 120.339 14.8873 119.765 14.853V23.2797C119.765 24.6341 119.765 25.7057 120.536 27.5916H114.519C115.333 25.7057 115.282 24.6427 115.282 23.2797V4.5232C115.282 3.20305 115.333 2.04577 114.519 0.211271H120.416C124.445 0.211271 133.969 -0.148772 133.969 7.72072C133.969 11.8784 130.669 14.1158 126.794 14.6815L125.646 14.793C125.646 14.793 138.213 27.0773 138.753 27.6088H133.206ZM126.083 13.1128L126.074 13.1214C128.612 12.1612 129.469 9.75239 129.383 7.71215C129.289 5.74906 128.406 1.47999 119.773 1.82289V13.49C119.773 13.49 124.608 13.7557 125.963 13.1642C126.04 13.1299 126.083 13.1128 126.083 13.1128ZM94.4934 15.6588H101.874L98.1538 7.48927L94.4934 15.6588ZM65.9129 15.6588H73.2937L69.5733 7.48927L65.9129 15.6588Z\"/></svg>'),(14,'Acube Developers','As a customer-focused real estate developer, Acube is poised to revolutionize the property market in Dubai through strategic partnerships with leading businesses in the UAE. Our comprehensive real estate development solutions aim to enhance the quality of life and change mindsets. With an in-depth understanding of what both homeowners and investors need, we offer a diverse portfolio of large and small projects across Dubai.Acube is rapidly evolving into a highly sought-after entity, offering innovative and cutting-edge solutions. Our connections to top-notch investors and vendors have made us leaders in both architecture and engineering. Whether you are a homeowner or an investor, Acube is your trusted partner for all your real estate development needs.','https://web-site-real-estate.com/wp-content/uploads/2021/04/355154129_231276876367197_598674668378578934_n-1.jpg','<svg width=\"148\" height=\"27\" viewBox=\"0 0 148 27\" fill=\"none\" xmlns=\"http://www.w3.org/2000/svg\">\n<path d=\"M16.9658 0.45699H22.8338V26.4541H11.4252L5.95893 0.680854V26.4512H0.09375V0.454102H11.5364L16.9658 26.2295V0.45699ZM41.5992 0.45699H30.0843L24.7272 26.4541H30.5222L31.5802 21.2908H40.109L41.167 26.4541H46.962L41.5992 0.45699ZM32.563 16.6503L35.8432 0.680854L39.1234 16.6496L32.563 16.6503ZM60.4745 16.0191L69.2613 0.45699H62.7357L55.3378 13.6V0.45699H48.8533V26.4541H55.3413V16.4625H59.35L62.7392 26.4512H69.2996L65.7615 16.0163H60.4745V16.0191ZM85.1441 10.5966H80.6969L77.7823 15.3873V0.45699H71.2943V26.4541H77.7823V15.6805H85.1441V26.4512H91.6322V0.454102H85.1441V10.5937V10.5966ZM94.7671 26.4541H110.911V21.623H101.254V15.5721H108.978V10.7446H103.987L101.254 15.2002V5.28523H110.91V0.45699H94.7671V26.4541ZM113.46 26.4541H129.605V21.623H119.948V15.5721H127.671V10.7446H122.68L119.947 15.2002V5.28523H129.603V0.45699H113.46V26.4541ZM138.641 21.623V0.45699H132.153V26.4541H147.094V21.623H138.638H138.641Z\"></path>\n</svg>'),(15,'Acube Developers','As a customer-focused real estate developer, Acube is poised to revolutionize the property market in Dubai through strategic partnerships with leading businesses in the UAE. Our comprehensive real estate development solutions aim to enhance the quality of life and change mindsets. With an in-depth understanding of what both homeowners and investors need, we offer a diverse portfolio of large and small projects across Dubai.Acube is rapidly evolving into a highly sought-after entity, offering innovative and cutting-edge solutions. Our connections to top-notch investors and vendors have made us leaders in both architecture and engineering. Whether you are a homeowner or an investor, Acube is your trusted partner for all your real estate development needs.','https://web-site-real-estate.com/wp-content/uploads/2021/04/355154129_231276876367197_598674668378578934_n-1.jpg','<svg width=\"148\" height=\"27\" viewBox=\"0 0 148 27\" fill=\"none\" xmlns=\"http://www.w3.org/2000/svg\">\n<path d=\"M16.9658 0.45699H22.8338V26.4541H11.4252L5.95893 0.680854V26.4512H0.09375V0.454102H11.5364L16.9658 26.2295V0.45699ZM41.5992 0.45699H30.0843L24.7272 26.4541H30.5222L31.5802 21.2908H40.109L41.167 26.4541H46.962L41.5992 0.45699ZM32.563 16.6503L35.8432 0.680854L39.1234 16.6496L32.563 16.6503ZM60.4745 16.0191L69.2613 0.45699H62.7357L55.3378 13.6V0.45699H48.8533V26.4541H55.3413V16.4625H59.35L62.7392 26.4512H69.2996L65.7615 16.0163H60.4745V16.0191ZM85.1441 10.5966H80.6969L77.7823 15.3873V0.45699H71.2943V26.4541H77.7823V15.6805H85.1441V26.4512H91.6322V0.454102H85.1441V10.5937V10.5966ZM94.7671 26.4541H110.911V21.623H101.254V15.5721H108.978V10.7446H103.987L101.254 15.2002V5.28523H110.91V0.45699H94.7671V26.4541ZM113.46 26.4541H129.605V21.623H119.948V15.5721H127.671V10.7446H122.68L119.947 15.2002V5.28523H129.603V0.45699H113.46V26.4541ZM138.641 21.623V0.45699H132.153V26.4541H147.094V21.623H138.638H138.641Z\"></path>\n</svg>'),(16,'Acube Developers','As a customer-focused real estate developer, Acube is poised to revolutionize the property market in Dubai through strategic partnerships with leading businesses in the UAE. Our comprehensive real estate development solutions aim to enhance the quality of life and change mindsets. With an in-depth understanding of what both homeowners and investors need, we offer a diverse portfolio of large and small projects across Dubai.Acube is rapidly evolving into a highly sought-after entity, offering innovative and cutting-edge solutions. Our connections to top-notch investors and vendors have made us leaders in both architecture and engineering. Whether you are a homeowner or an investor, Acube is your trusted partner for all your real estate development needs.','https://web-site-real-estate.com/wp-content/uploads/2021/04/355154129_231276876367197_598674668378578934_n-1.jpg','<svg width=\"148\" height=\"27\" viewBox=\"0 0 148 27\" fill=\"none\" xmlns=\"http://www.w3.org/2000/svg\">\n<path d=\"M16.9658 0.45699H22.8338V26.4541H11.4252L5.95893 0.680854V26.4512H0.09375V0.454102H11.5364L16.9658 26.2295V0.45699ZM41.5992 0.45699H30.0843L24.7272 26.4541H30.5222L31.5802 21.2908H40.109L41.167 26.4541H46.962L41.5992 0.45699ZM32.563 16.6503L35.8432 0.680854L39.1234 16.6496L32.563 16.6503ZM60.4745 16.0191L69.2613 0.45699H62.7357L55.3378 13.6V0.45699H48.8533V26.4541H55.3413V16.4625H59.35L62.7392 26.4512H69.2996L65.7615 16.0163H60.4745V16.0191ZM85.1441 10.5966H80.6969L77.7823 15.3873V0.45699H71.2943V26.4541H77.7823V15.6805H85.1441V26.4512H91.6322V0.454102H85.1441V10.5937V10.5966ZM94.7671 26.4541H110.911V21.623H101.254V15.5721H108.978V10.7446H103.987L101.254 15.2002V5.28523H110.91V0.45699H94.7671V26.4541ZM113.46 26.4541H129.605V21.623H119.948V15.5721H127.671V10.7446H122.68L119.947 15.2002V5.28523H129.603V0.45699H113.46V26.4541ZM138.641 21.623V0.45699H132.153V26.4541H147.094V21.623H138.638H138.641Z\"></path>\n</svg>'),(17,'ABA Group',NULL,'https://web-site-real-estate.com/wp-content/uploads/2021/04/logo-2.jpg','<svg width=\"148\" height=\"27\" viewBox=\"0 0 148 27\" fill=\"none\" xmlns=\"http://www.w3.org/2000/svg\">\n<path d=\"M16.9658 0.45699H22.8338V26.4541H11.4252L5.95893 0.680854V26.4512H0.09375V0.454102H11.5364L16.9658 26.2295V0.45699ZM41.5992 0.45699H30.0843L24.7272 26.4541H30.5222L31.5802 21.2908H40.109L41.167 26.4541H46.962L41.5992 0.45699ZM32.563 16.6503L35.8432 0.680854L39.1234 16.6496L32.563 16.6503ZM60.4745 16.0191L69.2613 0.45699H62.7357L55.3378 13.6V0.45699H48.8533V26.4541H55.3413V16.4625H59.35L62.7392 26.4512H69.2996L65.7615 16.0163H60.4745V16.0191ZM85.1441 10.5966H80.6969L77.7823 15.3873V0.45699H71.2943V26.4541H77.7823V15.6805H85.1441V26.4512H91.6322V0.454102H85.1441V10.5937V10.5966ZM94.7671 26.4541H110.911V21.623H101.254V15.5721H108.978V10.7446H103.987L101.254 15.2002V5.28523H110.91V0.45699H94.7671V26.4541ZM113.46 26.4541H129.605V21.623H119.948V15.5721H127.671V10.7446H122.68L119.947 15.2002V5.28523H129.603V0.45699H113.46V26.4541ZM138.641 21.623V0.45699H132.153V26.4541H147.094V21.623H138.638H138.641Z\"></path>\n</svg>'),(18,'ABA Group',NULL,'https://web-site-real-estate.com/wp-content/uploads/2021/04/logo-2.jpg','<svg width=\"148\" height=\"27\" viewBox=\"0 0 148 27\" fill=\"none\" xmlns=\"http://www.w3.org/2000/svg\">\n<path d=\"M16.9658 0.45699H22.8338V26.4541H11.4252L5.95893 0.680854V26.4512H0.09375V0.454102H11.5364L16.9658 26.2295V0.45699ZM41.5992 0.45699H30.0843L24.7272 26.4541H30.5222L31.5802 21.2908H40.109L41.167 26.4541H46.962L41.5992 0.45699ZM32.563 16.6503L35.8432 0.680854L39.1234 16.6496L32.563 16.6503ZM60.4745 16.0191L69.2613 0.45699H62.7357L55.3378 13.6V0.45699H48.8533V26.4541H55.3413V16.4625H59.35L62.7392 26.4512H69.2996L65.7615 16.0163H60.4745V16.0191ZM85.1441 10.5966H80.6969L77.7823 15.3873V0.45699H71.2943V26.4541H77.7823V15.6805H85.1441V26.4512H91.6322V0.454102H85.1441V10.5937V10.5966ZM94.7671 26.4541H110.911V21.623H101.254V15.5721H108.978V10.7446H103.987L101.254 15.2002V5.28523H110.91V0.45699H94.7671V26.4541ZM113.46 26.4541H129.605V21.623H119.948V15.5721H127.671V10.7446H122.68L119.947 15.2002V5.28523H129.603V0.45699H113.46V26.4541ZM138.641 21.623V0.45699H132.153V26.4541H147.094V21.623H138.638H138.641Z\"></path>\n</svg>'),(19,'ABA Group',NULL,'https://web-site-real-estate.com/wp-content/uploads/2021/04/logo-2.jpg','<svg width=\"148\" height=\"27\" viewBox=\"0 0 148 27\" fill=\"none\" xmlns=\"http://www.w3.org/2000/svg\">\n<path d=\"M16.9658 0.45699H22.8338V26.4541H11.4252L5.95893 0.680854V26.4512H0.09375V0.454102H11.5364L16.9658 26.2295V0.45699ZM41.5992 0.45699H30.0843L24.7272 26.4541H30.5222L31.5802 21.2908H40.109L41.167 26.4541H46.962L41.5992 0.45699ZM32.563 16.6503L35.8432 0.680854L39.1234 16.6496L32.563 16.6503ZM60.4745 16.0191L69.2613 0.45699H62.7357L55.3378 13.6V0.45699H48.8533V26.4541H55.3413V16.4625H59.35L62.7392 26.4512H69.2996L65.7615 16.0163H60.4745V16.0191ZM85.1441 10.5966H80.6969L77.7823 15.3873V0.45699H71.2943V26.4541H77.7823V15.6805H85.1441V26.4512H91.6322V0.454102H85.1441V10.5937V10.5966ZM94.7671 26.4541H110.911V21.623H101.254V15.5721H108.978V10.7446H103.987L101.254 15.2002V5.28523H110.91V0.45699H94.7671V26.4541ZM113.46 26.4541H129.605V21.623H119.948V15.5721H127.671V10.7446H122.68L119.947 15.2002V5.28523H129.603V0.45699H113.46V26.4541ZM138.641 21.623V0.45699H132.153V26.4541H147.094V21.623H138.638H138.641Z\"></path>\n</svg>'),(20,'Aark Developers','Aark Developers was founded by industry veteran Mr. Rahul Kumar Gupta, who brings over two decades of real estate expertise in India and the UAE. Aark Developers has forged strategic tie-ups with leading global design firms, construction partners, and sales & marketing teams to ensure flawless execution across all projects.','https://web-site-real-estate.com/wp-content/uploads/2021/04/Aark-Developers.webp','<svg xmlns=\"http://www.w3.org/2000/svg\" width=\"139\" height=\"28\"     viewBox=\"0 0 139 28\" fill=\"none\"> \n    <path d=\"M20.3418 24.8656L19.9304 27.5916H0.248047C1.06243 25.7057 1.01099 24.6427 1.01099 23.2797V4.54035C1.01099 3.22019 1.06243 2.06292 0.248047 0.228415H6.14588H19.4503L19.4846 3.00588C19.1245 2.86015 18.8331 2.73157 18.5673 2.61155C17.8558 2.34581 16.9557 2.09721 16.0213 2.10578C14.5297 2.10578 8.27184 2.10578 5.49438 2.10578V12.8213H17.8472L17.2386 14.9301H5.49438V25.6543C7.76607 25.6543 15.0269 25.6543 16.63 25.6543C18.5073 25.6885 20.3761 24.6256 20.3761 24.6256L20.3247 24.857C20.3247 24.8656 20.3333 24.8656 20.3418 24.8656ZM49.9682 27.5916C50.2339 26.2457 50.2339 24.3427 50.0196 22.7911L48.2708 9.89812L38.7211 27.583H36.9038L27.1998 9.10088L25.3138 23.0739C25.1081 24.6856 25.0481 26.7258 25.2195 27.5916H21.8077C22.4678 26.1943 22.6307 25.5857 22.9393 23.2883L26.0254 0.228415H27.5941L38.9183 21.7452L50.2339 0.228415H51.4169L54.6058 23.2368C54.923 25.5257 55.163 26.1857 55.7974 27.5916H49.9682ZM78.7115 27.5916L74.1681 17.5704H65.0299L60.5465 27.5916H60.1608H56.9975H56.9804C58.112 26.1857 58.4977 25.5342 59.295 23.7855L69.8905 0.228415H71.082L81.5061 23.1254C82.6205 25.3628 83.1435 26.0572 84.7379 27.5916H78.7115ZM107.301 27.5916L102.757 17.5704H93.619L89.1356 27.5916H88.7584H85.5866H85.5695C86.701 26.1857 87.0868 25.5342 87.884 23.7855L98.4795 0.228415H99.6711L110.104 23.1254C111.218 25.3628 111.741 26.0572 113.336 27.5916H107.301ZM133.206 27.6088C130.472 25.1142 126.931 21.8052 122.499 16.5589C121.231 15.0759 120.339 14.8873 119.765 14.853V23.2797C119.765 24.6341 119.765 25.7057 120.536 27.5916H114.519C115.333 25.7057 115.282 24.6427 115.282 23.2797V4.5232C115.282 3.20305 115.333 2.04577 114.519 0.211271H120.416C124.445 0.211271 133.969 -0.148772 133.969 7.72072C133.969 11.8784 130.669 14.1158 126.794 14.6815L125.646 14.793C125.646 14.793 138.213 27.0773 138.753 27.6088H133.206ZM126.083 13.1128L126.074 13.1214C128.612 12.1612 129.469 9.75239 129.383 7.71215C129.289 5.74906 128.406 1.47999 119.773 1.82289V13.49C119.773 13.49 124.608 13.7557 125.963 13.1642C126.04 13.1299 126.083 13.1128 126.083 13.1128ZM94.4934 15.6588H101.874L98.1538 7.48927L94.4934 15.6588ZM65.9129 15.6588H73.2937L69.5733 7.48927L65.9129 15.6588Z\"/></svg>'),(21,'Aark Developers','Aark Developers was founded by industry veteran Mr. Rahul Kumar Gupta, who brings over two decades of real estate expertise in India and the UAE. Aark Developers has forged strategic tie-ups with leading global design firms, construction partners, and sales & marketing teams to ensure flawless execution across all projects.','https://web-site-real-estate.com/wp-content/uploads/2021/04/Aark-Developers.webp','<svg xmlns=\"http://www.w3.org/2000/svg\" width=\"139\" height=\"28\"     viewBox=\"0 0 139 28\" fill=\"none\"> \n    <path d=\"M20.3418 24.8656L19.9304 27.5916H0.248047C1.06243 25.7057 1.01099 24.6427 1.01099 23.2797V4.54035C1.01099 3.22019 1.06243 2.06292 0.248047 0.228415H6.14588H19.4503L19.4846 3.00588C19.1245 2.86015 18.8331 2.73157 18.5673 2.61155C17.8558 2.34581 16.9557 2.09721 16.0213 2.10578C14.5297 2.10578 8.27184 2.10578 5.49438 2.10578V12.8213H17.8472L17.2386 14.9301H5.49438V25.6543C7.76607 25.6543 15.0269 25.6543 16.63 25.6543C18.5073 25.6885 20.3761 24.6256 20.3761 24.6256L20.3247 24.857C20.3247 24.8656 20.3333 24.8656 20.3418 24.8656ZM49.9682 27.5916C50.2339 26.2457 50.2339 24.3427 50.0196 22.7911L48.2708 9.89812L38.7211 27.583H36.9038L27.1998 9.10088L25.3138 23.0739C25.1081 24.6856 25.0481 26.7258 25.2195 27.5916H21.8077C22.4678 26.1943 22.6307 25.5857 22.9393 23.2883L26.0254 0.228415H27.5941L38.9183 21.7452L50.2339 0.228415H51.4169L54.6058 23.2368C54.923 25.5257 55.163 26.1857 55.7974 27.5916H49.9682ZM78.7115 27.5916L74.1681 17.5704H65.0299L60.5465 27.5916H60.1608H56.9975H56.9804C58.112 26.1857 58.4977 25.5342 59.295 23.7855L69.8905 0.228415H71.082L81.5061 23.1254C82.6205 25.3628 83.1435 26.0572 84.7379 27.5916H78.7115ZM107.301 27.5916L102.757 17.5704H93.619L89.1356 27.5916H88.7584H85.5866H85.5695C86.701 26.1857 87.0868 25.5342 87.884 23.7855L98.4795 0.228415H99.6711L110.104 23.1254C111.218 25.3628 111.741 26.0572 113.336 27.5916H107.301ZM133.206 27.6088C130.472 25.1142 126.931 21.8052 122.499 16.5589C121.231 15.0759 120.339 14.8873 119.765 14.853V23.2797C119.765 24.6341 119.765 25.7057 120.536 27.5916H114.519C115.333 25.7057 115.282 24.6427 115.282 23.2797V4.5232C115.282 3.20305 115.333 2.04577 114.519 0.211271H120.416C124.445 0.211271 133.969 -0.148772 133.969 7.72072C133.969 11.8784 130.669 14.1158 126.794 14.6815L125.646 14.793C125.646 14.793 138.213 27.0773 138.753 27.6088H133.206ZM126.083 13.1128L126.074 13.1214C128.612 12.1612 129.469 9.75239 129.383 7.71215C129.289 5.74906 128.406 1.47999 119.773 1.82289V13.49C119.773 13.49 124.608 13.7557 125.963 13.1642C126.04 13.1299 126.083 13.1128 126.083 13.1128ZM94.4934 15.6588H101.874L98.1538 7.48927L94.4934 15.6588ZM65.9129 15.6588H73.2937L69.5733 7.48927L65.9129 15.6588Z\"/></svg>'),(22,'Aark Developers','Aark Developers was founded by industry veteran Mr. Rahul Kumar Gupta, who brings over two decades of real estate expertise in India and the UAE. Aark Developers has forged strategic tie-ups with leading global design firms, construction partners, and sales & marketing teams to ensure flawless execution across all projects.','https://web-site-real-estate.com/wp-content/uploads/2021/04/Aark-Developers.webp','<svg xmlns=\"http://www.w3.org/2000/svg\" width=\"139\" height=\"28\"     viewBox=\"0 0 139 28\" fill=\"none\"> \n    <path d=\"M20.3418 24.8656L19.9304 27.5916H0.248047C1.06243 25.7057 1.01099 24.6427 1.01099 23.2797V4.54035C1.01099 3.22019 1.06243 2.06292 0.248047 0.228415H6.14588H19.4503L19.4846 3.00588C19.1245 2.86015 18.8331 2.73157 18.5673 2.61155C17.8558 2.34581 16.9557 2.09721 16.0213 2.10578C14.5297 2.10578 8.27184 2.10578 5.49438 2.10578V12.8213H17.8472L17.2386 14.9301H5.49438V25.6543C7.76607 25.6543 15.0269 25.6543 16.63 25.6543C18.5073 25.6885 20.3761 24.6256 20.3761 24.6256L20.3247 24.857C20.3247 24.8656 20.3333 24.8656 20.3418 24.8656ZM49.9682 27.5916C50.2339 26.2457 50.2339 24.3427 50.0196 22.7911L48.2708 9.89812L38.7211 27.583H36.9038L27.1998 9.10088L25.3138 23.0739C25.1081 24.6856 25.0481 26.7258 25.2195 27.5916H21.8077C22.4678 26.1943 22.6307 25.5857 22.9393 23.2883L26.0254 0.228415H27.5941L38.9183 21.7452L50.2339 0.228415H51.4169L54.6058 23.2368C54.923 25.5257 55.163 26.1857 55.7974 27.5916H49.9682ZM78.7115 27.5916L74.1681 17.5704H65.0299L60.5465 27.5916H60.1608H56.9975H56.9804C58.112 26.1857 58.4977 25.5342 59.295 23.7855L69.8905 0.228415H71.082L81.5061 23.1254C82.6205 25.3628 83.1435 26.0572 84.7379 27.5916H78.7115ZM107.301 27.5916L102.757 17.5704H93.619L89.1356 27.5916H88.7584H85.5866H85.5695C86.701 26.1857 87.0868 25.5342 87.884 23.7855L98.4795 0.228415H99.6711L110.104 23.1254C111.218 25.3628 111.741 26.0572 113.336 27.5916H107.301ZM133.206 27.6088C130.472 25.1142 126.931 21.8052 122.499 16.5589C121.231 15.0759 120.339 14.8873 119.765 14.853V23.2797C119.765 24.6341 119.765 25.7057 120.536 27.5916H114.519C115.333 25.7057 115.282 24.6427 115.282 23.2797V4.5232C115.282 3.20305 115.333 2.04577 114.519 0.211271H120.416C124.445 0.211271 133.969 -0.148772 133.969 7.72072C133.969 11.8784 130.669 14.1158 126.794 14.6815L125.646 14.793C125.646 14.793 138.213 27.0773 138.753 27.6088H133.206ZM126.083 13.1128L126.074 13.1214C128.612 12.1612 129.469 9.75239 129.383 7.71215C129.289 5.74906 128.406 1.47999 119.773 1.82289V13.49C119.773 13.49 124.608 13.7557 125.963 13.1642C126.04 13.1299 126.083 13.1128 126.083 13.1128ZM94.4934 15.6588H101.874L98.1538 7.48927L94.4934 15.6588ZM65.9129 15.6588H73.2937L69.5733 7.48927L65.9129 15.6588Z\"/></svg>'),(23,'Aark Developers','Aark Developers was founded by industry veteran Mr. Rahul Kumar Gupta, who brings over two decades of real estate expertise in India and the UAE. Aark Developers has forged strategic tie-ups with leading global design firms, construction partners, and sales & marketing teams to ensure flawless execution across all projects.','https://web-site-real-estate.com/wp-content/uploads/2021/04/Aark-Developers.webp','<svg xmlns=\"http://www.w3.org/2000/svg\" width=\"139\" height=\"28\"     viewBox=\"0 0 139 28\" fill=\"none\"> \n    <path d=\"M20.3418 24.8656L19.9304 27.5916H0.248047C1.06243 25.7057 1.01099 24.6427 1.01099 23.2797V4.54035C1.01099 3.22019 1.06243 2.06292 0.248047 0.228415H6.14588H19.4503L19.4846 3.00588C19.1245 2.86015 18.8331 2.73157 18.5673 2.61155C17.8558 2.34581 16.9557 2.09721 16.0213 2.10578C14.5297 2.10578 8.27184 2.10578 5.49438 2.10578V12.8213H17.8472L17.2386 14.9301H5.49438V25.6543C7.76607 25.6543 15.0269 25.6543 16.63 25.6543C18.5073 25.6885 20.3761 24.6256 20.3761 24.6256L20.3247 24.857C20.3247 24.8656 20.3333 24.8656 20.3418 24.8656ZM49.9682 27.5916C50.2339 26.2457 50.2339 24.3427 50.0196 22.7911L48.2708 9.89812L38.7211 27.583H36.9038L27.1998 9.10088L25.3138 23.0739C25.1081 24.6856 25.0481 26.7258 25.2195 27.5916H21.8077C22.4678 26.1943 22.6307 25.5857 22.9393 23.2883L26.0254 0.228415H27.5941L38.9183 21.7452L50.2339 0.228415H51.4169L54.6058 23.2368C54.923 25.5257 55.163 26.1857 55.7974 27.5916H49.9682ZM78.7115 27.5916L74.1681 17.5704H65.0299L60.5465 27.5916H60.1608H56.9975H56.9804C58.112 26.1857 58.4977 25.5342 59.295 23.7855L69.8905 0.228415H71.082L81.5061 23.1254C82.6205 25.3628 83.1435 26.0572 84.7379 27.5916H78.7115ZM107.301 27.5916L102.757 17.5704H93.619L89.1356 27.5916H88.7584H85.5866H85.5695C86.701 26.1857 87.0868 25.5342 87.884 23.7855L98.4795 0.228415H99.6711L110.104 23.1254C111.218 25.3628 111.741 26.0572 113.336 27.5916H107.301ZM133.206 27.6088C130.472 25.1142 126.931 21.8052 122.499 16.5589C121.231 15.0759 120.339 14.8873 119.765 14.853V23.2797C119.765 24.6341 119.765 25.7057 120.536 27.5916H114.519C115.333 25.7057 115.282 24.6427 115.282 23.2797V4.5232C115.282 3.20305 115.333 2.04577 114.519 0.211271H120.416C124.445 0.211271 133.969 -0.148772 133.969 7.72072C133.969 11.8784 130.669 14.1158 126.794 14.6815L125.646 14.793C125.646 14.793 138.213 27.0773 138.753 27.6088H133.206ZM126.083 13.1128L126.074 13.1214C128.612 12.1612 129.469 9.75239 129.383 7.71215C129.289 5.74906 128.406 1.47999 119.773 1.82289V13.49C119.773 13.49 124.608 13.7557 125.963 13.1642C126.04 13.1299 126.083 13.1128 126.083 13.1128ZM94.4934 15.6588H101.874L98.1538 7.48927L94.4934 15.6588ZM65.9129 15.6588H73.2937L69.5733 7.48927L65.9129 15.6588Z\"/></svg>'),(24,'Aark Developers','Aark Developers was founded by industry veteran Mr. Rahul Kumar Gupta, who brings over two decades of real estate expertise in India and the UAE. Aark Developers has forged strategic tie-ups with leading global design firms, construction partners, and sales & marketing teams to ensure flawless execution across all projects.','https://web-site-real-estate.com/wp-content/uploads/2021/04/Aark-Developers.webp','<svg xmlns=\"http://www.w3.org/2000/svg\" width=\"139\" height=\"28\"     viewBox=\"0 0 139 28\" fill=\"none\"> \n    <path d=\"M20.3418 24.8656L19.9304 27.5916H0.248047C1.06243 25.7057 1.01099 24.6427 1.01099 23.2797V4.54035C1.01099 3.22019 1.06243 2.06292 0.248047 0.228415H6.14588H19.4503L19.4846 3.00588C19.1245 2.86015 18.8331 2.73157 18.5673 2.61155C17.8558 2.34581 16.9557 2.09721 16.0213 2.10578C14.5297 2.10578 8.27184 2.10578 5.49438 2.10578V12.8213H17.8472L17.2386 14.9301H5.49438V25.6543C7.76607 25.6543 15.0269 25.6543 16.63 25.6543C18.5073 25.6885 20.3761 24.6256 20.3761 24.6256L20.3247 24.857C20.3247 24.8656 20.3333 24.8656 20.3418 24.8656ZM49.9682 27.5916C50.2339 26.2457 50.2339 24.3427 50.0196 22.7911L48.2708 9.89812L38.7211 27.583H36.9038L27.1998 9.10088L25.3138 23.0739C25.1081 24.6856 25.0481 26.7258 25.2195 27.5916H21.8077C22.4678 26.1943 22.6307 25.5857 22.9393 23.2883L26.0254 0.228415H27.5941L38.9183 21.7452L50.2339 0.228415H51.4169L54.6058 23.2368C54.923 25.5257 55.163 26.1857 55.7974 27.5916H49.9682ZM78.7115 27.5916L74.1681 17.5704H65.0299L60.5465 27.5916H60.1608H56.9975H56.9804C58.112 26.1857 58.4977 25.5342 59.295 23.7855L69.8905 0.228415H71.082L81.5061 23.1254C82.6205 25.3628 83.1435 26.0572 84.7379 27.5916H78.7115ZM107.301 27.5916L102.757 17.5704H93.619L89.1356 27.5916H88.7584H85.5866H85.5695C86.701 26.1857 87.0868 25.5342 87.884 23.7855L98.4795 0.228415H99.6711L110.104 23.1254C111.218 25.3628 111.741 26.0572 113.336 27.5916H107.301ZM133.206 27.6088C130.472 25.1142 126.931 21.8052 122.499 16.5589C121.231 15.0759 120.339 14.8873 119.765 14.853V23.2797C119.765 24.6341 119.765 25.7057 120.536 27.5916H114.519C115.333 25.7057 115.282 24.6427 115.282 23.2797V4.5232C115.282 3.20305 115.333 2.04577 114.519 0.211271H120.416C124.445 0.211271 133.969 -0.148772 133.969 7.72072C133.969 11.8784 130.669 14.1158 126.794 14.6815L125.646 14.793C125.646 14.793 138.213 27.0773 138.753 27.6088H133.206ZM126.083 13.1128L126.074 13.1214C128.612 12.1612 129.469 9.75239 129.383 7.71215C129.289 5.74906 128.406 1.47999 119.773 1.82289V13.49C119.773 13.49 124.608 13.7557 125.963 13.1642C126.04 13.1299 126.083 13.1128 126.083 13.1128ZM94.4934 15.6588H101.874L98.1538 7.48927L94.4934 15.6588ZM65.9129 15.6588H73.2937L69.5733 7.48927L65.9129 15.6588Z\"/></svg>'),(25,'Aark Developers','Aark Developers was founded by industry veteran Mr. Rahul Kumar Gupta, who brings over two decades of real estate expertise in India and the UAE. Aark Developers has forged strategic tie-ups with leading global design firms, construction partners, and sales & marketing teams to ensure flawless execution across all projects.','https://web-site-real-estate.com/wp-content/uploads/2021/04/Aark-Developers.webp','<svg width=\"148\" height=\"27\" viewBox=\"0 0 148 27\" fill=\"none\" xmlns=\"http://www.w3.org/2000/svg\">\n<path d=\"M16.9658 0.45699H22.8338V26.4541H11.4252L5.95893 0.680854V26.4512H0.09375V0.454102H11.5364L16.9658 26.2295V0.45699ZM41.5992 0.45699H30.0843L24.7272 26.4541H30.5222L31.5802 21.2908H40.109L41.167 26.4541H46.962L41.5992 0.45699ZM32.563 16.6503L35.8432 0.680854L39.1234 16.6496L32.563 16.6503ZM60.4745 16.0191L69.2613 0.45699H62.7357L55.3378 13.6V0.45699H48.8533V26.4541H55.3413V16.4625H59.35L62.7392 26.4512H69.2996L65.7615 16.0163H60.4745V16.0191ZM85.1441 10.5966H80.6969L77.7823 15.3873V0.45699H71.2943V26.4541H77.7823V15.6805H85.1441V26.4512H91.6322V0.454102H85.1441V10.5937V10.5966ZM94.7671 26.4541H110.911V21.623H101.254V15.5721H108.978V10.7446H103.987L101.254 15.2002V5.28523H110.91V0.45699H94.7671V26.4541ZM113.46 26.4541H129.605V21.623H119.948V15.5721H127.671V10.7446H122.68L119.947 15.2002V5.28523H129.603V0.45699H113.46V26.4541ZM138.641 21.623V0.45699H132.153V26.4541H147.094V21.623H138.638H138.641Z\"></path>\n</svg>');
/*!40000 ALTER TABLE `developer` ENABLE KEYS */;
UNLOCK TABLES;

--
-- Table structure for table `district`
--

DROP TABLE IF EXISTS `district`;
/*!40101 SET @saved_cs_client     = @@character_set_client */;
/*!50503 SET character_set_client = utf8mb4 */;
CREATE TABLE `district` (
  `id` int NOT NULL AUTO_INCREMENT,
  `additional_info` varchar(255) DEFAULT NULL,
  `name` varchar(255) DEFAULT NULL,
  `image` varchar(255) DEFAULT NULL,
  `city` varchar(255) DEFAULT NULL,
  PRIMARY KEY (`id`)
) ENGINE=InnoDB AUTO_INCREMENT=20 DEFAULT CHARSET=utf8mb4 COLLATE=utf8mb4_0900_ai_ci;
/*!40101 SET character_set_client = @saved_cs_client */;

--
-- Dumping data for table `district`
--

LOCK TABLES `district` WRITE;
/*!40000 ALTER TABLE `district` DISABLE KEYS */;
INSERT INTO `district` VALUES (1,'Al Kifaf is a modern residential community with an eco-friendly environment. The neighbourhood has plenty of green spaces and trees, which provide ample shade for enjoying nearby landscaped areas, fountains, and ponds. The neighbourhood is located in the ','Al Kifaf','https://web-site-real-estate.com/wp-content/uploads/2021/04/44-4-450x450.jpg','Dubai'),(2,'The Palm Jumeirah is an artificial island in Dubai, shaped like a palm tree and located off the coast of the city. It is one of the most iconic and recognizable landmarks in Dubai, known for its luxurious properties and stunning views of the Arabian Gulf.','Palm Jumeirah','https://web-site-real-estate.com/wp-content/uploads/2021/04/Jawaher-Residences-at-Maryam-Island11-450x450.jpg','Dubai'),(3,'The Palm Jumeirah is an artificial island in Dubai, shaped like a palm tree and located off the coast of the city. It is one of the most iconic and recognizable landmarks in Dubai, known for its luxurious properties and stunning views of the Arabian Gulf.','Palm Jumeirah','https://web-site-real-estate.com/wp-content/uploads/2021/04/D098D0B7D0BED0B1D180D0B0D0B6D0B5D0BDD0B8D0B520WhatsApp202024-04-2920D0B22012.19.39_21154f36-450x450.jpg','Abu Dhabi'),(4,'The Palm Jumeirah is an artificial island in Dubai, shaped like a palm tree and located off the coast of the city. It is one of the most iconic and recognizable landmarks in Dubai, known for its luxurious properties and stunning views of the Arabian Gulf.','Palm Jumeirah','https://web-site-real-estate.com/wp-content/uploads/2021/04/Safa-Park-Dubai-Cover-1024x444-1-450x444.jpg','Dubai'),(5,'The Palm Jumeirah is an artificial island in Dubai, shaped like a palm tree and located off the coast of the city. It is one of the most iconic and recognizable landmarks in Dubai, known for its luxurious properties and stunning views of the Arabian Gulf.','Palm Jumeirah','https://web-site-real-estate.com/wp-content/uploads/2021/04/1663147120_21-mykaleidoscope-ru-p-madinat-dzhumeira-oboi-26-450x450.jpg','Dubai'),(6,'The Palm Jumeirah is an artificial island in Dubai, shaped like a palm tree and located off the coast of the city. It is one of the most iconic and recognizable landmarks in Dubai, known for its luxurious properties and stunning views of the Arabian Gulf.','Palm Jumeirah','https://web-site-real-estate.com/wp-content/uploads/2021/04/1663147120_21-mykaleidoscope-ru-p-madinat-dzhumeira-oboi-26-450x450.jpg','Dubai'),(7,'The Palm Jumeirah is an artificial island in Dubai, shaped like a palm tree and located off the coast of the city. It is one of the most iconic and recognizable landmarks in Dubai, known for its luxurious properties and stunning views of the Arabian Gulf.','Palm Jumeirah','https://web-site-real-estate.com/wp-content/uploads/2021/04/Safa-Park-Dubai-Cover-1024x444-1-450x444.jpg','Dubai'),(8,'The Palm Jumeirah is an artificial island in Dubai, shaped like a palm tree and located off the coast of the city. It is one of the most iconic and recognizable landmarks in Dubai, known for its luxurious properties and stunning views of the Arabian Gulf.','Palm Jumeirah','https://web-site-real-estate.com/wp-content/uploads/2021/04/D098D0B7D0BED0B1D180D0B0D0B6D0B5D0BDD0B8D0B520WhatsApp202024-04-2920D0B22012.19.39_21154f36-450x450.jpg','Abu Dhabi'),(9,'Al Kifaf is a modern residential community with an eco-friendly environment. The neighbourhood has plenty of green spaces and trees, which provide ample shade for enjoying nearby landscaped areas, fountains, and ponds. The neighbourhood is located in the ','Al Kifaf','https://web-site-real-estate.com/wp-content/uploads/2021/04/44-4-450x450.jpg','Abu Dhabi'),(10,'The Palm Jumeirah is an artificial island in Dubai, shaped like a palm tree and located off the coast of the city. It is one of the most iconic and recognizable landmarks in Dubai, known for its luxurious properties and stunning views of the Arabian Gulf.','Palm Jumeirah','https://web-site-real-estate.com/wp-content/uploads/2021/04/Safa-Park-Dubai-Cover-1024x444-1-450x444.jpg','Abu Dhabi'),(11,'The Palm Jumeirah is an artificial island in Dubai, shaped like a palm tree and located off the coast of the city. It is one of the most iconic and recognizable landmarks in Dubai, known for its luxurious properties and stunning views of the Arabian Gulf.','Palm Jumeirah','https://web-site-real-estate.com/wp-content/uploads/2021/04/Safa-Park-Dubai-Cover-1024x444-1-450x444.jpg','Abu Dhabi'),(12,'The Palm Jumeirah is an artificial island in Dubai, shaped like a palm tree and located off the coast of the city. It is one of the most iconic and recognizable landmarks in Dubai, known for its luxurious properties and stunning views of the Arabian Gulf.','Palm Jumeirah','https://web-site-real-estate.com/wp-content/uploads/2021/04/Safa-Park-Dubai-Cover-1024x444-1-450x444.jpg','Abu Dhabi'),(13,'The Palm Jumeirah is an artificial island in Dubai, shaped like a palm tree and located off the coast of the city. It is one of the most iconic and recognizable landmarks in Dubai, known for its luxurious properties and stunning views of the Arabian Gulf.','Palm Jumeirah','https://web-site-real-estate.com/wp-content/uploads/2021/04/1663147120_21-mykaleidoscope-ru-p-madinat-dzhumeira-oboi-26-450x450.jpg','Abu Dhabi'),(14,'The Palm Jumeirah is an artificial island in Dubai, shaped like a palm tree and located off the coast of the city. It is one of the most iconic and recognizable landmarks in Dubai, known for its luxurious properties and stunning views of the Arabian Gulf.','Palm Jumeirah','https://web-site-real-estate.com/wp-content/uploads/2021/04/1663147120_21-mykaleidoscope-ru-p-madinat-dzhumeira-oboi-26-450x450.jpg','Abu Dhabi'),(15,'The Palm Jumeirah is an artificial island in Dubai, shaped like a palm tree and located off the coast of the city. It is one of the most iconic and recognizable landmarks in Dubai, known for its luxurious properties and stunning views of the Arabian Gulf.','Palm Jumeirah','https://web-site-real-estate.com/wp-content/uploads/2021/04/1663147120_21-mykaleidoscope-ru-p-madinat-dzhumeira-oboi-26-450x450.jpg','Abu Dhabi'),(16,'The Palm Jumeirah is an artificial island in Dubai, shaped like a palm tree and located off the coast of the city. It is one of the most iconic and recognizable landmarks in Dubai, known for its luxurious properties and stunning views of the Arabian Gulf.','Palm Jumeirah','https://web-site-real-estate.com/wp-content/uploads/2021/04/Safa-Park-Dubai-Cover-1024x444-1-450x444.jpg','Abu Dhabi'),(17,'The Palm Jumeirah is an artificial island in Dubai, shaped like a palm tree and located off the coast of the city. It is one of the most iconic and recognizable landmarks in Dubai, known for its luxurious properties and stunning views of the Arabian Gulf.','Palm Jumeirah','https://web-site-real-estate.com/wp-content/uploads/2021/04/Safa-Park-Dubai-Cover-1024x444-1-450x444.jpg','Dubai'),(18,'The Palm Jumeirah is an artificial island in Dubai, shaped like a palm tree and located off the coast of the city. It is one of the most iconic and recognizable landmarks in Dubai, known for its luxurious properties and stunning views of the Arabian Gulf.','Palm Jumeirah','https://web-site-real-estate.com/wp-content/uploads/2021/04/Safa-Park-Dubai-Cover-1024x444-1-450x444.jpg','Dubai'),(19,'The Palm Jumeirah is an artificial island in Dubai, shaped like a palm tree and located off the coast of the city. It is one of the most iconic and recognizable landmarks in Dubai, known for its luxurious properties and stunning views of the Arabian Gulf.','Palm Jumeirah','https://web-site-real-estate.com/wp-content/uploads/2021/04/Safa-Park-Dubai-Cover-1024x444-1-450x444.jpg','Dubai');
/*!40000 ALTER TABLE `district` ENABLE KEYS */;
UNLOCK TABLES;

--
-- Table structure for table `property`
--

DROP TABLE IF EXISTS `property`;
/*!40101 SET @saved_cs_client     = @@character_set_client */;
/*!50503 SET character_set_client = utf8mb4 */;
CREATE TABLE `property` (
  `baths` int DEFAULT NULL,
  `bedrooms` int DEFAULT NULL,
  `ceiling_height` decimal(5,2) DEFAULT NULL,
  `delivery_date` date DEFAULT NULL,
  `id` int NOT NULL AUTO_INCREMENT,
  `s_total` decimal(7,2) DEFAULT NULL,
  `price` bigint DEFAULT NULL,
  `status` varchar(255) DEFAULT NULL,
  `image` varchar(255) DEFAULT NULL,
  `complex_id` int NOT NULL,
  `is_it_studio` bit(1) NOT NULL DEFAULT b'0',
  PRIMARY KEY (`id`),
  KEY `FK54ti3s17nj4d13fg8l9uduymb` (`complex_id`),
  CONSTRAINT `FK54ti3s17nj4d13fg8l9uduymb` FOREIGN KEY (`complex_id`) REFERENCES `complex` (`id`),
  CONSTRAINT `chk_bedrooms_for_studio` CHECK ((((`is_it_studio` = true) and (`bedrooms` = 1)) or (`is_it_studio` = false)))
) ENGINE=InnoDB AUTO_INCREMENT=44 DEFAULT CHARSET=utf8mb4 COLLATE=utf8mb4_0900_ai_ci;
/*!40101 SET character_set_client = @saved_cs_client */;

--
-- Dumping data for table `property`
--

LOCK TABLES `property` WRITE;
/*!40000 ALTER TABLE `property` DISABLE KEYS */;
INSERT INTO `property` VALUES (NULL,5,NULL,'2024-07-11',1,122.00,900000,'Sold on','https://web-site-real-estate.com/wp-content/uploads/2021/04/Interior2002-606-450x450.jpg',1,_binary '\0'),(NULL,1,NULL,'2022-07-15',2,987.00,7000,'Sold on','https://web-site-real-estate.com/wp-content/uploads/2021/04/Interior2005-289-450x450.jpg',1,_binary '\0'),(22,1,3.00,'2021-07-09',3,22.00,670001,'Popular','https://web-site-real-estate.com/wp-content/uploads/2021/04/Interior2000-723-450x450.jpg',1,_binary ''),(4,22,4.00,'2016-07-02',4,22.00,1500123,'Popular','https://web-site-real-estate.com/wp-content/uploads/2021/04/Interior2000-723-450x450.jpg',4,_binary '\0'),(1,1,4.00,'2016-07-02',5,22.00,1500123,'Popular','https://web-site-real-estate.com/wp-content/uploads/2021/04/Interior2001-680-450x450.jpg',5,_binary ''),(1,1,4.00,'2018-07-07',7,22.00,1490123,'Popular','https://web-site-real-estate.com/wp-content/uploads/2021/04/Interior2003-511-500x440.jpg',7,_binary '\0'),(1,1,4.00,'2018-07-07',8,22.00,1490123,'Popular','https://web-site-real-estate.com/wp-content/uploads/2021/04/Interior2005-289-450x450.jpg',8,_binary '\0'),(2,1,4.00,'2018-07-07',14,22.00,1490123,'Popular','https://web-site-real-estate.com/wp-content/uploads/2021/04/Interior2005-289-450x450.jpg',9,_binary '\0'),(2,1,4.00,'2018-07-07',15,22.00,1490123,'Popular','https://web-site-real-estate.com/wp-content/uploads/2021/04/Interior2005-289-450x450.jpg',10,_binary '\0'),(2,1,4.00,'2018-07-07',16,22.00,1490123,'Popular','https://web-site-real-estate.com/wp-content/uploads/2021/04/Interior2005-289-450x450.jpg',11,_binary '\0'),(1,1,4.00,'2016-07-02',24,22.00,1500123,'Popular','https://web-site-real-estate.com/wp-content/uploads/2021/04/Interior2001-680-450x450.jpg',5,_binary ''),(1,1,4.00,'2018-07-07',25,22.00,1490123,'Popular','https://web-site-real-estate.com/wp-content/uploads/2021/04/Interior2003-511-500x440.jpg',7,_binary '\0'),(2,1,4.00,'2018-07-07',26,22.00,1490123,'Popular','https://web-site-real-estate.com/wp-content/uploads/2021/04/Interior2005-289-450x450.jpg',9,_binary '\0'),(22,1,3.00,'2021-07-09',27,22.00,670001,'Popular','https://web-site-real-estate.com/wp-content/uploads/2021/04/Interior2000-723-450x450.jpg',3,_binary ''),(2,1,4.00,'2018-07-07',28,22.00,1490123,'Popular','https://web-site-real-estate.com/wp-content/uploads/2021/04/Interior2005-289-450x450.jpg',10,_binary '\0'),(2,1,4.00,'2018-07-07',29,22.00,1490123,'Popular','https://web-site-real-estate.com/wp-content/uploads/2021/04/Interior2005-289-450x450.jpg',11,_binary '\0'),(2,1,4.00,'2018-07-07',30,22.00,1490123,'Popular','https://web-site-real-estate.com/wp-content/uploads/2021/04/Interior2005-289-450x450.jpg',9,_binary '\0'),(1,1,4.00,'2018-07-07',31,22.00,1490123,'Popular','https://web-site-real-estate.com/wp-content/uploads/2021/04/Interior2003-511-500x440.jpg',7,_binary '\0'),(1,1,4.00,'2016-07-02',32,22.00,1500123,'Popular','https://web-site-real-estate.com/wp-content/uploads/2021/04/Interior2001-680-450x450.jpg',5,_binary ''),(NULL,1,NULL,'2022-07-15',33,987.00,7000,'Sold on','https://web-site-real-estate.com/wp-content/uploads/2021/04/Interior2005-289-450x450.jpg',2,_binary '\0'),(NULL,3,NULL,'2024-07-11',34,122.00,900000,'Sold on','https://web-site-real-estate.com/wp-content/uploads/2021/04/Interior2002-606-450x450.jpg',1,_binary '\0'),(22,1,3.00,'2021-07-09',35,22.00,670001,'Popular','https://web-site-real-estate.com/wp-content/uploads/2021/04/Interior2000-723-450x450.jpg',3,_binary ''),(2,1,4.00,'2018-07-07',36,22.00,1490123,'Popular','https://web-site-real-estate.com/wp-content/uploads/2021/04/Interior2005-289-450x450.jpg',9,_binary '\0'),(1,1,4.00,'2018-07-07',37,22.00,1490123,'Popular','https://web-site-real-estate.com/wp-content/uploads/2021/04/Interior2005-289-450x450.jpg',8,_binary '\0'),(2,1,4.00,'2018-07-07',38,22.00,1490123,'Popular','https://web-site-real-estate.com/wp-content/uploads/2021/04/Interior2005-289-450x450.jpg',10,_binary '\0');
/*!40000 ALTER TABLE `property` ENABLE KEYS */;
UNLOCK TABLES;
/*!40103 SET TIME_ZONE=@OLD_TIME_ZONE */;

/*!40101 SET SQL_MODE=@OLD_SQL_MODE */;
/*!40014 SET FOREIGN_KEY_CHECKS=@OLD_FOREIGN_KEY_CHECKS */;
/*!40014 SET UNIQUE_CHECKS=@OLD_UNIQUE_CHECKS */;
/*!40101 SET CHARACTER_SET_CLIENT=@OLD_CHARACTER_SET_CLIENT */;
/*!40101 SET CHARACTER_SET_RESULTS=@OLD_CHARACTER_SET_RESULTS */;
/*!40101 SET COLLATION_CONNECTION=@OLD_COLLATION_CONNECTION */;
/*!40111 SET SQL_NOTES=@OLD_SQL_NOTES */;

-- Dump completed on 2024-07-23 19:39:57
